-- ========================================================================
-- PROYECTO: LUXU REAL ESTATE - BASE DE DATOS RELACIONAL (POSTGRESQL)
-- SCRIPT DDL, DML Y RESTRICCIONES COMPLETA (50 REGISTROS POR TABLA)
-- ========================================================================

DROP TABLE IF EXISTS appointments CASCADE;
DROP TABLE IF EXISTS user_favorites CASCADE;
DROP TABLE IF EXISTS properties CASCADE;
DROP TABLE IF EXISTS profiles CASCADE;

-- 1. TABLA PROFILES
CREATE TABLE profiles (
    id UUID PRIMARY KEY DEFAULT gen_random_uuid(),
    full_name VARCHAR(150) NOT NULL,
    email VARCHAR(150) UNIQUE NOT NULL,
    role VARCHAR(20) NOT NULL DEFAULT 'Cliente' CHECK (role IN ('Admin', 'Agente', 'Cliente')),
    location VARCHAR(100) DEFAULT 'Beverly Hills, CA',
    avatar_url TEXT,
    member_since TIMESTAMP WITH TIME ZONE DEFAULT CURRENT_TIMESTAMP,
    email_notifications BOOLEAN DEFAULT TRUE,
    push_notifications BOOLEAN DEFAULT TRUE,
    sms_notifications BOOLEAN DEFAULT TRUE
);

-- 2. TABLA PROPERTIES
CREATE TABLE properties (
    id UUID PRIMARY KEY DEFAULT gen_random_uuid(),
    slug VARCHAR(200) UNIQUE NOT NULL,
    title VARCHAR(200) NOT NULL,
    description TEXT,
    price NUMERIC(15, 2) NOT NULL CHECK (price >= 0),
    status VARCHAR(20) NOT NULL DEFAULT 'ACTIVE' CHECK (status IN ('ACTIVE', 'FOR SALE', 'FOR RENT', 'PENDING')),
    beds INT NOT NULL DEFAULT 1 CHECK (beds >= 0),
    baths NUMERIC(3, 1) NOT NULL DEFAULT 1.0 CHECK (baths >= 0),
    sqft INT NOT NULL DEFAULT 50 CHECK (sqft > 0),
    location VARCHAR(150) NOT NULL,
    address VARCHAR(200),
    amenities JSONB DEFAULT '[]'::jsonb,
    images JSONB DEFAULT '[]'::jsonb,
    owner_id UUID REFERENCES profiles(id) ON DELETE SET NULL,
    created_at TIMESTAMP WITH TIME ZONE DEFAULT CURRENT_TIMESTAMP
);

-- 3. TABLA USER_FAVORITES
CREATE TABLE user_favorites (
    id UUID PRIMARY KEY DEFAULT gen_random_uuid(),
    user_id UUID NOT NULL REFERENCES profiles(id) ON DELETE CASCADE,
    property_id UUID NOT NULL REFERENCES properties(id) ON DELETE CASCADE,
    created_at TIMESTAMP WITH TIME ZONE DEFAULT CURRENT_TIMESTAMP,
    CONSTRAINT unique_user_favorite UNIQUE (user_id, property_id)
);

-- 4. TABLA APPOINTMENTS
CREATE TABLE appointments (
    id UUID PRIMARY KEY DEFAULT gen_random_uuid(),
    user_id UUID NOT NULL REFERENCES profiles(id) ON DELETE CASCADE,
    property_id UUID NOT NULL REFERENCES properties(id) ON DELETE CASCADE,
    booking_date_time TIMESTAMP WITH TIME ZONE NOT NULL,
    notes TEXT,
    status VARCHAR(20) NOT NULL DEFAULT 'Pending' CHECK (status IN ('Pending', 'Confirmed', 'Cancelled', 'Completed')),
    created_at TIMESTAMP WITH TIME ZONE DEFAULT CURRENT_TIMESTAMP
);

-- ========================================================================
-- INSERCIÓN DE 50 REGISTROS POR TABLA (DML)
-- ========================================================================

-- INSERCIÓN EN PROFILES (50 REGISTROS)
INSERT INTO profiles (id, full_name, email, role, location, avatar_url) VALUES ('a0eebc99-9c0b-4ef8-bb6d-6bb9bd380001', 'Mateo Rivera', 'usuario1@luxeestate.com', 'Admin', 'Malibu, CA', 'https://images.unsplash.com/photo-1534528741775-53994a69daeb?w=150&auto=format&fit=crop');
INSERT INTO profiles (id, full_name, email, role, location, avatar_url) VALUES ('a0eebc99-9c0b-4ef8-bb6d-6bb9bd380002', 'Sofía Flores', 'usuario2@luxeestate.com', 'Admin', 'Malibu, CA', 'https://images.unsplash.com/photo-1534528741775-53994a69daeb?w=150&auto=format&fit=crop');
INSERT INTO profiles (id, full_name, email, role, location, avatar_url) VALUES ('a0eebc99-9c0b-4ef8-bb6d-6bb9bd380003', 'Lucía Flores', 'usuario3@luxeestate.com', 'Admin', 'New York, NY', 'https://images.unsplash.com/photo-1534528741775-53994a69daeb?w=150&auto=format&fit=crop');
INSERT INTO profiles (id, full_name, email, role, location, avatar_url) VALUES ('a0eebc99-9c0b-4ef8-bb6d-6bb9bd380004', 'Fernando Hernández', 'usuario4@luxeestate.com', 'Admin', 'Seattle, WA', 'https://images.unsplash.com/photo-1534528741775-53994a69daeb?w=150&auto=format&fit=crop');
INSERT INTO profiles (id, full_name, email, role, location, avatar_url) VALUES ('a0eebc99-9c0b-4ef8-bb6d-6bb9bd380005', 'Camila Flores', 'usuario5@luxeestate.com', 'Admin', 'Scottsdale, AZ', 'https://images.unsplash.com/photo-1534528741775-53994a69daeb?w=150&auto=format&fit=crop');
INSERT INTO profiles (id, full_name, email, role, location, avatar_url) VALUES ('a0eebc99-9c0b-4ef8-bb6d-6bb9bd380006', 'Alejandro Flores', 'usuario6@luxeestate.com', 'Agente', 'Miami, FL', 'https://images.unsplash.com/photo-1534528741775-53994a69daeb?w=150&auto=format&fit=crop');
INSERT INTO profiles (id, full_name, email, role, location, avatar_url) VALUES ('a0eebc99-9c0b-4ef8-bb6d-6bb9bd380007', 'Ricardo Mendoza', 'usuario7@luxeestate.com', 'Agente', 'New York, NY', 'https://images.unsplash.com/photo-1534528741775-53994a69daeb?w=150&auto=format&fit=crop');
INSERT INTO profiles (id, full_name, email, role, location, avatar_url) VALUES ('a0eebc99-9c0b-4ef8-bb6d-6bb9bd380008', 'Elena González', 'usuario8@luxeestate.com', 'Agente', 'Aspen, CO', 'https://images.unsplash.com/photo-1534528741775-53994a69daeb?w=150&auto=format&fit=crop');
INSERT INTO profiles (id, full_name, email, role, location, avatar_url) VALUES ('a0eebc99-9c0b-4ef8-bb6d-6bb9bd380009', 'Mateo García', 'usuario9@luxeestate.com', 'Agente', 'Austin, TX', 'https://images.unsplash.com/photo-1534528741775-53994a69daeb?w=150&auto=format&fit=crop');
INSERT INTO profiles (id, full_name, email, role, location, avatar_url) VALUES ('a0eebc99-9c0b-4ef8-bb6d-6bb9bd380010', 'Fernando Torres', 'usuario10@luxeestate.com', 'Agente', 'Seattle, WA', 'https://images.unsplash.com/photo-1534528741775-53994a69daeb?w=150&auto=format&fit=crop');
INSERT INTO profiles (id, full_name, email, role, location, avatar_url) VALUES ('a0eebc99-9c0b-4ef8-bb6d-6bb9bd380011', 'Sofía Flores', 'usuario11@luxeestate.com', 'Agente', 'Seattle, WA', 'https://images.unsplash.com/photo-1534528741775-53994a69daeb?w=150&auto=format&fit=crop');
INSERT INTO profiles (id, full_name, email, role, location, avatar_url) VALUES ('a0eebc99-9c0b-4ef8-bb6d-6bb9bd380012', 'Javier Flores', 'usuario12@luxeestate.com', 'Agente', 'New York, NY', 'https://images.unsplash.com/photo-1534528741775-53994a69daeb?w=150&auto=format&fit=crop');
INSERT INTO profiles (id, full_name, email, role, location, avatar_url) VALUES ('a0eebc99-9c0b-4ef8-bb6d-6bb9bd380013', 'Ricardo Romero', 'usuario13@luxeestate.com', 'Agente', 'Seattle, WA', 'https://images.unsplash.com/photo-1534528741775-53994a69daeb?w=150&auto=format&fit=crop');
INSERT INTO profiles (id, full_name, email, role, location, avatar_url) VALUES ('a0eebc99-9c0b-4ef8-bb6d-6bb9bd380014', 'Lucía García', 'usuario14@luxeestate.com', 'Agente', 'Miami, FL', 'https://images.unsplash.com/photo-1534528741775-53994a69daeb?w=150&auto=format&fit=crop');
INSERT INTO profiles (id, full_name, email, role, location, avatar_url) VALUES ('a0eebc99-9c0b-4ef8-bb6d-6bb9bd380015', 'Ricardo Hernández', 'usuario15@luxeestate.com', 'Agente', 'Seattle, WA', 'https://images.unsplash.com/photo-1534528741775-53994a69daeb?w=150&auto=format&fit=crop');
INSERT INTO profiles (id, full_name, email, role, location, avatar_url) VALUES ('a0eebc99-9c0b-4ef8-bb6d-6bb9bd380016', 'Elena Sánchez', 'usuario16@luxeestate.com', 'Cliente', 'Beverly Hills, CA', 'https://images.unsplash.com/photo-1534528741775-53994a69daeb?w=150&auto=format&fit=crop');
INSERT INTO profiles (id, full_name, email, role, location, avatar_url) VALUES ('a0eebc99-9c0b-4ef8-bb6d-6bb9bd380017', 'Valentina Torres', 'usuario17@luxeestate.com', 'Cliente', 'Aspen, CO', 'https://images.unsplash.com/photo-1534528741775-53994a69daeb?w=150&auto=format&fit=crop');
INSERT INTO profiles (id, full_name, email, role, location, avatar_url) VALUES ('a0eebc99-9c0b-4ef8-bb6d-6bb9bd380018', 'Mateo Flores', 'usuario18@luxeestate.com', 'Cliente', 'Miami, FL', 'https://images.unsplash.com/photo-1534528741775-53994a69daeb?w=150&auto=format&fit=crop');
INSERT INTO profiles (id, full_name, email, role, location, avatar_url) VALUES ('a0eebc99-9c0b-4ef8-bb6d-6bb9bd380019', 'Mateo González', 'usuario19@luxeestate.com', 'Cliente', 'New York, NY', 'https://images.unsplash.com/photo-1534528741775-53994a69daeb?w=150&auto=format&fit=crop');
INSERT INTO profiles (id, full_name, email, role, location, avatar_url) VALUES ('a0eebc99-9c0b-4ef8-bb6d-6bb9bd380020', 'Isabella García', 'usuario20@luxeestate.com', 'Cliente', 'New York, NY', 'https://images.unsplash.com/photo-1534528741775-53994a69daeb?w=150&auto=format&fit=crop');
INSERT INTO profiles (id, full_name, email, role, location, avatar_url) VALUES ('a0eebc99-9c0b-4ef8-bb6d-6bb9bd380021', 'Sofía Rodríguez', 'usuario21@luxeestate.com', 'Cliente', 'Chicago, IL', 'https://images.unsplash.com/photo-1534528741775-53994a69daeb?w=150&auto=format&fit=crop');
INSERT INTO profiles (id, full_name, email, role, location, avatar_url) VALUES ('a0eebc99-9c0b-4ef8-bb6d-6bb9bd380022', 'María Pérez', 'usuario22@luxeestate.com', 'Cliente', 'Beverly Hills, CA', 'https://images.unsplash.com/photo-1534528741775-53994a69daeb?w=150&auto=format&fit=crop');
INSERT INTO profiles (id, full_name, email, role, location, avatar_url) VALUES ('a0eebc99-9c0b-4ef8-bb6d-6bb9bd380023', 'Gabriel García', 'usuario23@luxeestate.com', 'Cliente', 'Chicago, IL', 'https://images.unsplash.com/photo-1534528741775-53994a69daeb?w=150&auto=format&fit=crop');
INSERT INTO profiles (id, full_name, email, role, location, avatar_url) VALUES ('a0eebc99-9c0b-4ef8-bb6d-6bb9bd380024', 'Gabriel Rivera', 'usuario24@luxeestate.com', 'Cliente', 'Austin, TX', 'https://images.unsplash.com/photo-1534528741775-53994a69daeb?w=150&auto=format&fit=crop');
INSERT INTO profiles (id, full_name, email, role, location, avatar_url) VALUES ('a0eebc99-9c0b-4ef8-bb6d-6bb9bd380025', 'Carlos Hernández', 'usuario25@luxeestate.com', 'Cliente', 'New York, NY', 'https://images.unsplash.com/photo-1534528741775-53994a69daeb?w=150&auto=format&fit=crop');
INSERT INTO profiles (id, full_name, email, role, location, avatar_url) VALUES ('a0eebc99-9c0b-4ef8-bb6d-6bb9bd380026', 'Alejandro Gómez', 'usuario26@luxeestate.com', 'Cliente', 'Seattle, WA', 'https://images.unsplash.com/photo-1534528741775-53994a69daeb?w=150&auto=format&fit=crop');
INSERT INTO profiles (id, full_name, email, role, location, avatar_url) VALUES ('a0eebc99-9c0b-4ef8-bb6d-6bb9bd380027', 'Camila Flores', 'usuario27@luxeestate.com', 'Cliente', 'Miami, FL', 'https://images.unsplash.com/photo-1534528741775-53994a69daeb?w=150&auto=format&fit=crop');
INSERT INTO profiles (id, full_name, email, role, location, avatar_url) VALUES ('a0eebc99-9c0b-4ef8-bb6d-6bb9bd380028', 'Fernando González', 'usuario28@luxeestate.com', 'Cliente', 'Scottsdale, AZ', 'https://images.unsplash.com/photo-1534528741775-53994a69daeb?w=150&auto=format&fit=crop');
INSERT INTO profiles (id, full_name, email, role, location, avatar_url) VALUES ('a0eebc99-9c0b-4ef8-bb6d-6bb9bd380029', 'Gabriel Flores', 'usuario29@luxeestate.com', 'Cliente', 'Aspen, CO', 'https://images.unsplash.com/photo-1534528741775-53994a69daeb?w=150&auto=format&fit=crop');
INSERT INTO profiles (id, full_name, email, role, location, avatar_url) VALUES ('a0eebc99-9c0b-4ef8-bb6d-6bb9bd380030', 'Camila Rivera', 'usuario30@luxeestate.com', 'Cliente', 'Malibu, CA', 'https://images.unsplash.com/photo-1534528741775-53994a69daeb?w=150&auto=format&fit=crop');
INSERT INTO profiles (id, full_name, email, role, location, avatar_url) VALUES ('a0eebc99-9c0b-4ef8-bb6d-6bb9bd380031', 'Gabriel Romero', 'usuario31@luxeestate.com', 'Cliente', 'Beverly Hills, CA', 'https://images.unsplash.com/photo-1534528741775-53994a69daeb?w=150&auto=format&fit=crop');
INSERT INTO profiles (id, full_name, email, role, location, avatar_url) VALUES ('a0eebc99-9c0b-4ef8-bb6d-6bb9bd380032', 'Elena González', 'usuario32@luxeestate.com', 'Cliente', 'Austin, TX', 'https://images.unsplash.com/photo-1534528741775-53994a69daeb?w=150&auto=format&fit=crop');
INSERT INTO profiles (id, full_name, email, role, location, avatar_url) VALUES ('a0eebc99-9c0b-4ef8-bb6d-6bb9bd380033', 'Diego Mendoza', 'usuario33@luxeestate.com', 'Cliente', 'Austin, TX', 'https://images.unsplash.com/photo-1534528741775-53994a69daeb?w=150&auto=format&fit=crop');
INSERT INTO profiles (id, full_name, email, role, location, avatar_url) VALUES ('a0eebc99-9c0b-4ef8-bb6d-6bb9bd380034', 'Alejandro López', 'usuario34@luxeestate.com', 'Cliente', 'Scottsdale, AZ', 'https://images.unsplash.com/photo-1534528741775-53994a69daeb?w=150&auto=format&fit=crop');
INSERT INTO profiles (id, full_name, email, role, location, avatar_url) VALUES ('a0eebc99-9c0b-4ef8-bb6d-6bb9bd380035', 'María García', 'usuario35@luxeestate.com', 'Cliente', 'New York, NY', 'https://images.unsplash.com/photo-1534528741775-53994a69daeb?w=150&auto=format&fit=crop');
INSERT INTO profiles (id, full_name, email, role, location, avatar_url) VALUES ('a0eebc99-9c0b-4ef8-bb6d-6bb9bd380036', 'Gabriel Mendoza', 'usuario36@luxeestate.com', 'Cliente', 'Miami, FL', 'https://images.unsplash.com/photo-1534528741775-53994a69daeb?w=150&auto=format&fit=crop');
INSERT INTO profiles (id, full_name, email, role, location, avatar_url) VALUES ('a0eebc99-9c0b-4ef8-bb6d-6bb9bd380037', 'Isabella Díaz', 'usuario37@luxeestate.com', 'Cliente', 'Seattle, WA', 'https://images.unsplash.com/photo-1534528741775-53994a69daeb?w=150&auto=format&fit=crop');
INSERT INTO profiles (id, full_name, email, role, location, avatar_url) VALUES ('a0eebc99-9c0b-4ef8-bb6d-6bb9bd380038', 'Ricardo Torres', 'usuario38@luxeestate.com', 'Cliente', 'Seattle, WA', 'https://images.unsplash.com/photo-1534528741775-53994a69daeb?w=150&auto=format&fit=crop');
INSERT INTO profiles (id, full_name, email, role, location, avatar_url) VALUES ('a0eebc99-9c0b-4ef8-bb6d-6bb9bd380039', 'Gabriel Martínez', 'usuario39@luxeestate.com', 'Cliente', 'San Francisco, CA', 'https://images.unsplash.com/photo-1534528741775-53994a69daeb?w=150&auto=format&fit=crop');
INSERT INTO profiles (id, full_name, email, role, location, avatar_url) VALUES ('a0eebc99-9c0b-4ef8-bb6d-6bb9bd380040', 'Carlos Sánchez', 'usuario40@luxeestate.com', 'Cliente', 'Miami, FL', 'https://images.unsplash.com/photo-1534528741775-53994a69daeb?w=150&auto=format&fit=crop');
INSERT INTO profiles (id, full_name, email, role, location, avatar_url) VALUES ('a0eebc99-9c0b-4ef8-bb6d-6bb9bd380041', 'Ricardo Torres', 'usuario41@luxeestate.com', 'Cliente', 'Scottsdale, AZ', 'https://images.unsplash.com/photo-1534528741775-53994a69daeb?w=150&auto=format&fit=crop');
INSERT INTO profiles (id, full_name, email, role, location, avatar_url) VALUES ('a0eebc99-9c0b-4ef8-bb6d-6bb9bd380042', 'Elena Rivera', 'usuario42@luxeestate.com', 'Cliente', 'Seattle, WA', 'https://images.unsplash.com/photo-1534528741775-53994a69daeb?w=150&auto=format&fit=crop');
INSERT INTO profiles (id, full_name, email, role, location, avatar_url) VALUES ('a0eebc99-9c0b-4ef8-bb6d-6bb9bd380043', 'Diego López', 'usuario43@luxeestate.com', 'Cliente', 'San Francisco, CA', 'https://images.unsplash.com/photo-1534528741775-53994a69daeb?w=150&auto=format&fit=crop');
INSERT INTO profiles (id, full_name, email, role, location, avatar_url) VALUES ('a0eebc99-9c0b-4ef8-bb6d-6bb9bd380044', 'Lucía González', 'usuario44@luxeestate.com', 'Cliente', 'Miami, FL', 'https://images.unsplash.com/photo-1534528741775-53994a69daeb?w=150&auto=format&fit=crop');
INSERT INTO profiles (id, full_name, email, role, location, avatar_url) VALUES ('a0eebc99-9c0b-4ef8-bb6d-6bb9bd380045', 'Elena Hernández', 'usuario45@luxeestate.com', 'Cliente', 'Miami, FL', 'https://images.unsplash.com/photo-1534528741775-53994a69daeb?w=150&auto=format&fit=crop');
INSERT INTO profiles (id, full_name, email, role, location, avatar_url) VALUES ('a0eebc99-9c0b-4ef8-bb6d-6bb9bd380046', 'Camila Torres', 'usuario46@luxeestate.com', 'Cliente', 'Chicago, IL', 'https://images.unsplash.com/photo-1534528741775-53994a69daeb?w=150&auto=format&fit=crop');
INSERT INTO profiles (id, full_name, email, role, location, avatar_url) VALUES ('a0eebc99-9c0b-4ef8-bb6d-6bb9bd380047', 'Valentina Romero', 'usuario47@luxeestate.com', 'Cliente', 'Aspen, CO', 'https://images.unsplash.com/photo-1534528741775-53994a69daeb?w=150&auto=format&fit=crop');
INSERT INTO profiles (id, full_name, email, role, location, avatar_url) VALUES ('a0eebc99-9c0b-4ef8-bb6d-6bb9bd380048', 'Fernando Martínez', 'usuario48@luxeestate.com', 'Cliente', 'Chicago, IL', 'https://images.unsplash.com/photo-1534528741775-53994a69daeb?w=150&auto=format&fit=crop');
INSERT INTO profiles (id, full_name, email, role, location, avatar_url) VALUES ('a0eebc99-9c0b-4ef8-bb6d-6bb9bd380049', 'María López', 'usuario49@luxeestate.com', 'Cliente', 'Chicago, IL', 'https://images.unsplash.com/photo-1534528741775-53994a69daeb?w=150&auto=format&fit=crop');
INSERT INTO profiles (id, full_name, email, role, location, avatar_url) VALUES ('a0eebc99-9c0b-4ef8-bb6d-6bb9bd380050', 'Camila Gómez', 'usuario50@luxeestate.com', 'Cliente', 'Beverly Hills, CA', 'https://images.unsplash.com/photo-1534528741775-53994a69daeb?w=150&auto=format&fit=crop');

-- INSERCIÓN EN PROPERTIES (50 REGISTROS)
INSERT INTO properties (id, slug, title, description, price, status, beds, baths, sqft, location, address, amenities, images, owner_id) VALUES ('b0eebc99-9c0b-4ef8-bb6d-6bb9bd380001', 'propiedad-residencia-de-playa-new-york-1', 'Residencia de Playa Exclusiva en New York #1', 'Exclusiva residencia de alto nivel con acabados de primera.', 5250801, 'FOR SALE', 7, 5.2, 885, 'New York, NY', '2442 Luxury Avenue, Suite 1', '["Alberca Privada", "Casa Inteligente", "Vista al Mar", "Gimnasio Privado", "Cava de Vinos"]'::jsonb, '["https://images.unsplash.com/photo-1600596542815-ffad4c1539a9?w=800&auto=format&fit=crop"]'::jsonb, 'a0eebc99-9c0b-4ef8-bb6d-6bb9bd380010');
INSERT INTO properties (id, slug, title, description, price, status, beds, baths, sqft, location, address, amenities, images, owner_id) VALUES ('b0eebc99-9c0b-4ef8-bb6d-6bb9bd380002', 'propiedad-departamento-aspen-2', 'Departamento Exclusiva en Aspen #2', 'Exclusiva residencia de alto nivel con acabados de primera.', 5840566, 'ACTIVE', 4, 4.5, 417, 'Aspen, CO', '7503 Luxury Avenue, Suite 2', '["Alberca Privada", "Casa Inteligente", "Vista al Mar", "Gimnasio Privado", "Cava de Vinos"]'::jsonb, '["https://images.unsplash.com/photo-1600596542815-ffad4c1539a9?w=800&auto=format&fit=crop"]'::jsonb, 'a0eebc99-9c0b-4ef8-bb6d-6bb9bd380006');
INSERT INTO properties (id, slug, title, description, price, status, beds, baths, sqft, location, address, amenities, images, owner_id) VALUES ('b0eebc99-9c0b-4ef8-bb6d-6bb9bd380003', 'propiedad-casa-miami-3', 'Casa Exclusiva en Miami #3', 'Exclusiva residencia de alto nivel con acabados de primera.', 5394152, 'PENDING', 7, 4.2, 989, 'Miami, FL', '2565 Luxury Avenue, Suite 3', '["Alberca Privada", "Casa Inteligente", "Vista al Mar", "Gimnasio Privado", "Cava de Vinos"]'::jsonb, '["https://images.unsplash.com/photo-1600596542815-ffad4c1539a9?w=800&auto=format&fit=crop"]'::jsonb, 'a0eebc99-9c0b-4ef8-bb6d-6bb9bd380001');
INSERT INTO properties (id, slug, title, description, price, status, beds, baths, sqft, location, address, amenities, images, owner_id) VALUES ('b0eebc99-9c0b-4ef8-bb6d-6bb9bd380004', 'propiedad-penthouse-miami-4', 'Penthouse Exclusiva en Miami #4', 'Exclusiva residencia de alto nivel con acabados de primera.', 8888166, 'FOR SALE', 5, 3.9, 1149, 'Miami, FL', '7144 Luxury Avenue, Suite 4', '["Alberca Privada", "Casa Inteligente", "Vista al Mar", "Gimnasio Privado", "Cava de Vinos"]'::jsonb, '["https://images.unsplash.com/photo-1600596542815-ffad4c1539a9?w=800&auto=format&fit=crop"]'::jsonb, 'a0eebc99-9c0b-4ef8-bb6d-6bb9bd380015');
INSERT INTO properties (id, slug, title, description, price, status, beds, baths, sqft, location, address, amenities, images, owner_id) VALUES ('b0eebc99-9c0b-4ef8-bb6d-6bb9bd380005', 'propiedad-departamento-aspen-5', 'Departamento Exclusiva en Aspen #5', 'Exclusiva residencia de alto nivel con acabados de primera.', 8271279, 'ACTIVE', 6, 4.9, 379, 'Aspen, CO', '7037 Luxury Avenue, Suite 5', '["Alberca Privada", "Casa Inteligente", "Vista al Mar", "Gimnasio Privado", "Cava de Vinos"]'::jsonb, '["https://images.unsplash.com/photo-1600596542815-ffad4c1539a9?w=800&auto=format&fit=crop"]'::jsonb, 'a0eebc99-9c0b-4ef8-bb6d-6bb9bd380011');
INSERT INTO properties (id, slug, title, description, price, status, beds, baths, sqft, location, address, amenities, images, owner_id) VALUES ('b0eebc99-9c0b-4ef8-bb6d-6bb9bd380006', 'propiedad-residencia-de-playa-chicago-6', 'Residencia de Playa Exclusiva en Chicago #6', 'Exclusiva residencia de alto nivel con acabados de primera.', 5679786, 'FOR RENT', 5, 6.2, 584, 'Chicago, IL', '5350 Luxury Avenue, Suite 6', '["Alberca Privada", "Casa Inteligente", "Vista al Mar", "Gimnasio Privado", "Cava de Vinos"]'::jsonb, '["https://images.unsplash.com/photo-1600596542815-ffad4c1539a9?w=800&auto=format&fit=crop"]'::jsonb, 'a0eebc99-9c0b-4ef8-bb6d-6bb9bd380010');
INSERT INTO properties (id, slug, title, description, price, status, beds, baths, sqft, location, address, amenities, images, owner_id) VALUES ('b0eebc99-9c0b-4ef8-bb6d-6bb9bd380007', 'propiedad-penthouse-malibu-7', 'Penthouse Exclusiva en Malibu #7', 'Exclusiva residencia de alto nivel con acabados de primera.', 519300, 'PENDING', 8, 5.5, 673, 'Malibu, CA', '3485 Luxury Avenue, Suite 7', '["Alberca Privada", "Casa Inteligente", "Vista al Mar", "Gimnasio Privado", "Cava de Vinos"]'::jsonb, '["https://images.unsplash.com/photo-1600596542815-ffad4c1539a9?w=800&auto=format&fit=crop"]'::jsonb, 'a0eebc99-9c0b-4ef8-bb6d-6bb9bd380013');
INSERT INTO properties (id, slug, title, description, price, status, beds, baths, sqft, location, address, amenities, images, owner_id) VALUES ('b0eebc99-9c0b-4ef8-bb6d-6bb9bd380008', 'propiedad-residencia-de-playa-seattle-8', 'Residencia de Playa Exclusiva en Seattle #8', 'Exclusiva residencia de alto nivel con acabados de primera.', 11125166, 'FOR RENT', 5, 7.1, 246, 'Seattle, WA', '7861 Luxury Avenue, Suite 8', '["Alberca Privada", "Casa Inteligente", "Vista al Mar", "Gimnasio Privado", "Cava de Vinos"]'::jsonb, '["https://images.unsplash.com/photo-1600596542815-ffad4c1539a9?w=800&auto=format&fit=crop"]'::jsonb, 'a0eebc99-9c0b-4ef8-bb6d-6bb9bd380008');
INSERT INTO properties (id, slug, title, description, price, status, beds, baths, sqft, location, address, amenities, images, owner_id) VALUES ('b0eebc99-9c0b-4ef8-bb6d-6bb9bd380009', 'propiedad-penthouse-san-francisco-9', 'Penthouse Exclusiva en San Francisco #9', 'Exclusiva residencia de alto nivel con acabados de primera.', 6382827, 'FOR SALE', 8, 7.2, 158, 'San Francisco, CA', '8706 Luxury Avenue, Suite 9', '["Alberca Privada", "Casa Inteligente", "Vista al Mar", "Gimnasio Privado", "Cava de Vinos"]'::jsonb, '["https://images.unsplash.com/photo-1600596542815-ffad4c1539a9?w=800&auto=format&fit=crop"]'::jsonb, 'a0eebc99-9c0b-4ef8-bb6d-6bb9bd380005');
INSERT INTO properties (id, slug, title, description, price, status, beds, baths, sqft, location, address, amenities, images, owner_id) VALUES ('b0eebc99-9c0b-4ef8-bb6d-6bb9bd380010', 'propiedad-residencia-de-playa-aspen-10', 'Residencia de Playa Exclusiva en Aspen #10', 'Exclusiva residencia de alto nivel con acabados de primera.', 10788708, 'PENDING', 5, 4.4, 1174, 'Aspen, CO', '7635 Luxury Avenue, Suite 10', '["Alberca Privada", "Casa Inteligente", "Vista al Mar", "Gimnasio Privado", "Cava de Vinos"]'::jsonb, '["https://images.unsplash.com/photo-1600596542815-ffad4c1539a9?w=800&auto=format&fit=crop"]'::jsonb, 'a0eebc99-9c0b-4ef8-bb6d-6bb9bd380009');
INSERT INTO properties (id, slug, title, description, price, status, beds, baths, sqft, location, address, amenities, images, owner_id) VALUES ('b0eebc99-9c0b-4ef8-bb6d-6bb9bd380011', 'propiedad-departamento-scottsdale-11', 'Departamento Exclusiva en Scottsdale #11', 'Exclusiva residencia de alto nivel con acabados de primera.', 4588421, 'PENDING', 8, 7.0, 782, 'Scottsdale, AZ', '6845 Luxury Avenue, Suite 11', '["Alberca Privada", "Casa Inteligente", "Vista al Mar", "Gimnasio Privado", "Cava de Vinos"]'::jsonb, '["https://images.unsplash.com/photo-1600596542815-ffad4c1539a9?w=800&auto=format&fit=crop"]'::jsonb, 'a0eebc99-9c0b-4ef8-bb6d-6bb9bd380011');
INSERT INTO properties (id, slug, title, description, price, status, beds, baths, sqft, location, address, amenities, images, owner_id) VALUES ('b0eebc99-9c0b-4ef8-bb6d-6bb9bd380012', 'propiedad-penthouse-san-francisco-12', 'Penthouse Exclusiva en San Francisco #12', 'Exclusiva residencia de alto nivel con acabados de primera.', 8682618, 'ACTIVE', 4, 5.3, 1189, 'San Francisco, CA', '7492 Luxury Avenue, Suite 12', '["Alberca Privada", "Casa Inteligente", "Vista al Mar", "Gimnasio Privado", "Cava de Vinos"]'::jsonb, '["https://images.unsplash.com/photo-1600596542815-ffad4c1539a9?w=800&auto=format&fit=crop"]'::jsonb, 'a0eebc99-9c0b-4ef8-bb6d-6bb9bd380014');
INSERT INTO properties (id, slug, title, description, price, status, beds, baths, sqft, location, address, amenities, images, owner_id) VALUES ('b0eebc99-9c0b-4ef8-bb6d-6bb9bd380013', 'propiedad-casa-austin-13', 'Casa Exclusiva en Austin #13', 'Exclusiva residencia de alto nivel con acabados de primera.', 1944091, 'ACTIVE', 4, 6.4, 1143, 'Austin, TX', '1400 Luxury Avenue, Suite 13', '["Alberca Privada", "Casa Inteligente", "Vista al Mar", "Gimnasio Privado", "Cava de Vinos"]'::jsonb, '["https://images.unsplash.com/photo-1600596542815-ffad4c1539a9?w=800&auto=format&fit=crop"]'::jsonb, 'a0eebc99-9c0b-4ef8-bb6d-6bb9bd380006');
INSERT INTO properties (id, slug, title, description, price, status, beds, baths, sqft, location, address, amenities, images, owner_id) VALUES ('b0eebc99-9c0b-4ef8-bb6d-6bb9bd380014', 'propiedad-residencia-de-playa-beverly-hills-14', 'Residencia de Playa Exclusiva en Beverly Hills #14', 'Exclusiva residencia de alto nivel con acabados de primera.', 4304352, 'FOR RENT', 5, 5.6, 828, 'Beverly Hills, CA', '3050 Luxury Avenue, Suite 14', '["Alberca Privada", "Casa Inteligente", "Vista al Mar", "Gimnasio Privado", "Cava de Vinos"]'::jsonb, '["https://images.unsplash.com/photo-1600596542815-ffad4c1539a9?w=800&auto=format&fit=crop"]'::jsonb, 'a0eebc99-9c0b-4ef8-bb6d-6bb9bd380007');
INSERT INTO properties (id, slug, title, description, price, status, beds, baths, sqft, location, address, amenities, images, owner_id) VALUES ('b0eebc99-9c0b-4ef8-bb6d-6bb9bd380015', 'propiedad-casa-san-francisco-15', 'Casa Exclusiva en San Francisco #15', 'Exclusiva residencia de alto nivel con acabados de primera.', 4450374, 'ACTIVE', 6, 7.1, 1115, 'San Francisco, CA', '2130 Luxury Avenue, Suite 15', '["Alberca Privada", "Casa Inteligente", "Vista al Mar", "Gimnasio Privado", "Cava de Vinos"]'::jsonb, '["https://images.unsplash.com/photo-1600596542815-ffad4c1539a9?w=800&auto=format&fit=crop"]'::jsonb, 'a0eebc99-9c0b-4ef8-bb6d-6bb9bd380015');
INSERT INTO properties (id, slug, title, description, price, status, beds, baths, sqft, location, address, amenities, images, owner_id) VALUES ('b0eebc99-9c0b-4ef8-bb6d-6bb9bd380016', 'propiedad-casa-chicago-16', 'Casa Exclusiva en Chicago #16', 'Exclusiva residencia de alto nivel con acabados de primera.', 4746070, 'FOR RENT', 3, 5.3, 192, 'Chicago, IL', '5457 Luxury Avenue, Suite 16', '["Alberca Privada", "Casa Inteligente", "Vista al Mar", "Gimnasio Privado", "Cava de Vinos"]'::jsonb, '["https://images.unsplash.com/photo-1600596542815-ffad4c1539a9?w=800&auto=format&fit=crop"]'::jsonb, 'a0eebc99-9c0b-4ef8-bb6d-6bb9bd380005');
INSERT INTO properties (id, slug, title, description, price, status, beds, baths, sqft, location, address, amenities, images, owner_id) VALUES ('b0eebc99-9c0b-4ef8-bb6d-6bb9bd380017', 'propiedad-casa-chicago-17', 'Casa Exclusiva en Chicago #17', 'Exclusiva residencia de alto nivel con acabados de primera.', 8223396, 'FOR RENT', 5, 4.3, 844, 'Chicago, IL', '6888 Luxury Avenue, Suite 17', '["Alberca Privada", "Casa Inteligente", "Vista al Mar", "Gimnasio Privado", "Cava de Vinos"]'::jsonb, '["https://images.unsplash.com/photo-1600596542815-ffad4c1539a9?w=800&auto=format&fit=crop"]'::jsonb, 'a0eebc99-9c0b-4ef8-bb6d-6bb9bd380003');
INSERT INTO properties (id, slug, title, description, price, status, beds, baths, sqft, location, address, amenities, images, owner_id) VALUES ('b0eebc99-9c0b-4ef8-bb6d-6bb9bd380018', 'propiedad-penthouse-scottsdale-18', 'Penthouse Exclusiva en Scottsdale #18', 'Exclusiva residencia de alto nivel con acabados de primera.', 6433883, 'PENDING', 5, 6.6, 783, 'Scottsdale, AZ', '6593 Luxury Avenue, Suite 18', '["Alberca Privada", "Casa Inteligente", "Vista al Mar", "Gimnasio Privado", "Cava de Vinos"]'::jsonb, '["https://images.unsplash.com/photo-1600596542815-ffad4c1539a9?w=800&auto=format&fit=crop"]'::jsonb, 'a0eebc99-9c0b-4ef8-bb6d-6bb9bd380010');
INSERT INTO properties (id, slug, title, description, price, status, beds, baths, sqft, location, address, amenities, images, owner_id) VALUES ('b0eebc99-9c0b-4ef8-bb6d-6bb9bd380019', 'propiedad-penthouse-san-francisco-19', 'Penthouse Exclusiva en San Francisco #19', 'Exclusiva residencia de alto nivel con acabados de primera.', 9941968, 'FOR RENT', 6, 7.0, 310, 'San Francisco, CA', '4483 Luxury Avenue, Suite 19', '["Alberca Privada", "Casa Inteligente", "Vista al Mar", "Gimnasio Privado", "Cava de Vinos"]'::jsonb, '["https://images.unsplash.com/photo-1600596542815-ffad4c1539a9?w=800&auto=format&fit=crop"]'::jsonb, 'a0eebc99-9c0b-4ef8-bb6d-6bb9bd380009');
INSERT INTO properties (id, slug, title, description, price, status, beds, baths, sqft, location, address, amenities, images, owner_id) VALUES ('b0eebc99-9c0b-4ef8-bb6d-6bb9bd380020', 'propiedad-casa-austin-20', 'Casa Exclusiva en Austin #20', 'Exclusiva residencia de alto nivel con acabados de primera.', 5945675, 'FOR SALE', 4, 2.6, 163, 'Austin, TX', '3950 Luxury Avenue, Suite 20', '["Alberca Privada", "Casa Inteligente", "Vista al Mar", "Gimnasio Privado", "Cava de Vinos"]'::jsonb, '["https://images.unsplash.com/photo-1600596542815-ffad4c1539a9?w=800&auto=format&fit=crop"]'::jsonb, 'a0eebc99-9c0b-4ef8-bb6d-6bb9bd380011');
INSERT INTO properties (id, slug, title, description, price, status, beds, baths, sqft, location, address, amenities, images, owner_id) VALUES ('b0eebc99-9c0b-4ef8-bb6d-6bb9bd380021', 'propiedad-residencia-de-playa-san-francisco-21', 'Residencia de Playa Exclusiva en San Francisco #21', 'Exclusiva residencia de alto nivel con acabados de primera.', 3470152, 'FOR SALE', 3, 6.8, 1182, 'San Francisco, CA', '2836 Luxury Avenue, Suite 21', '["Alberca Privada", "Casa Inteligente", "Vista al Mar", "Gimnasio Privado", "Cava de Vinos"]'::jsonb, '["https://images.unsplash.com/photo-1600596542815-ffad4c1539a9?w=800&auto=format&fit=crop"]'::jsonb, 'a0eebc99-9c0b-4ef8-bb6d-6bb9bd380002');
INSERT INTO properties (id, slug, title, description, price, status, beds, baths, sqft, location, address, amenities, images, owner_id) VALUES ('b0eebc99-9c0b-4ef8-bb6d-6bb9bd380022', 'propiedad-penthouse-san-francisco-22', 'Penthouse Exclusiva en San Francisco #22', 'Exclusiva residencia de alto nivel con acabados de primera.', 11699600, 'FOR SALE', 7, 4.2, 214, 'San Francisco, CA', '599 Luxury Avenue, Suite 22', '["Alberca Privada", "Casa Inteligente", "Vista al Mar", "Gimnasio Privado", "Cava de Vinos"]'::jsonb, '["https://images.unsplash.com/photo-1600596542815-ffad4c1539a9?w=800&auto=format&fit=crop"]'::jsonb, 'a0eebc99-9c0b-4ef8-bb6d-6bb9bd380009');
INSERT INTO properties (id, slug, title, description, price, status, beds, baths, sqft, location, address, amenities, images, owner_id) VALUES ('b0eebc99-9c0b-4ef8-bb6d-6bb9bd380023', 'propiedad-villa-seattle-23', 'Villa Exclusiva en Seattle #23', 'Exclusiva residencia de alto nivel con acabados de primera.', 7698696, 'ACTIVE', 3, 5.9, 226, 'Seattle, WA', '8397 Luxury Avenue, Suite 23', '["Alberca Privada", "Casa Inteligente", "Vista al Mar", "Gimnasio Privado", "Cava de Vinos"]'::jsonb, '["https://images.unsplash.com/photo-1600596542815-ffad4c1539a9?w=800&auto=format&fit=crop"]'::jsonb, 'a0eebc99-9c0b-4ef8-bb6d-6bb9bd380003');
INSERT INTO properties (id, slug, title, description, price, status, beds, baths, sqft, location, address, amenities, images, owner_id) VALUES ('b0eebc99-9c0b-4ef8-bb6d-6bb9bd380024', 'propiedad-villa-chicago-24', 'Villa Exclusiva en Chicago #24', 'Exclusiva residencia de alto nivel con acabados de primera.', 1752889, 'FOR RENT', 4, 2.1, 748, 'Chicago, IL', '582 Luxury Avenue, Suite 24', '["Alberca Privada", "Casa Inteligente", "Vista al Mar", "Gimnasio Privado", "Cava de Vinos"]'::jsonb, '["https://images.unsplash.com/photo-1600596542815-ffad4c1539a9?w=800&auto=format&fit=crop"]'::jsonb, 'a0eebc99-9c0b-4ef8-bb6d-6bb9bd380011');
INSERT INTO properties (id, slug, title, description, price, status, beds, baths, sqft, location, address, amenities, images, owner_id) VALUES ('b0eebc99-9c0b-4ef8-bb6d-6bb9bd380025', 'propiedad-villa-malibu-25', 'Villa Exclusiva en Malibu #25', 'Exclusiva residencia de alto nivel con acabados de primera.', 2182307, 'ACTIVE', 3, 2.3, 931, 'Malibu, CA', '1364 Luxury Avenue, Suite 25', '["Alberca Privada", "Casa Inteligente", "Vista al Mar", "Gimnasio Privado", "Cava de Vinos"]'::jsonb, '["https://images.unsplash.com/photo-1600596542815-ffad4c1539a9?w=800&auto=format&fit=crop"]'::jsonb, 'a0eebc99-9c0b-4ef8-bb6d-6bb9bd380010');
INSERT INTO properties (id, slug, title, description, price, status, beds, baths, sqft, location, address, amenities, images, owner_id) VALUES ('b0eebc99-9c0b-4ef8-bb6d-6bb9bd380026', 'propiedad-residencia-de-playa-aspen-26', 'Residencia de Playa Exclusiva en Aspen #26', 'Exclusiva residencia de alto nivel con acabados de primera.', 4755347, 'FOR RENT', 4, 4.0, 769, 'Aspen, CO', '4093 Luxury Avenue, Suite 26', '["Alberca Privada", "Casa Inteligente", "Vista al Mar", "Gimnasio Privado", "Cava de Vinos"]'::jsonb, '["https://images.unsplash.com/photo-1600596542815-ffad4c1539a9?w=800&auto=format&fit=crop"]'::jsonb, 'a0eebc99-9c0b-4ef8-bb6d-6bb9bd380011');
INSERT INTO properties (id, slug, title, description, price, status, beds, baths, sqft, location, address, amenities, images, owner_id) VALUES ('b0eebc99-9c0b-4ef8-bb6d-6bb9bd380027', 'propiedad-residencia-de-playa-chicago-27', 'Residencia de Playa Exclusiva en Chicago #27', 'Exclusiva residencia de alto nivel con acabados de primera.', 10147758, 'PENDING', 5, 2.5, 512, 'Chicago, IL', '1986 Luxury Avenue, Suite 27', '["Alberca Privada", "Casa Inteligente", "Vista al Mar", "Gimnasio Privado", "Cava de Vinos"]'::jsonb, '["https://images.unsplash.com/photo-1600596542815-ffad4c1539a9?w=800&auto=format&fit=crop"]'::jsonb, 'a0eebc99-9c0b-4ef8-bb6d-6bb9bd380012');
INSERT INTO properties (id, slug, title, description, price, status, beds, baths, sqft, location, address, amenities, images, owner_id) VALUES ('b0eebc99-9c0b-4ef8-bb6d-6bb9bd380028', 'propiedad-penthouse-beverly-hills-28', 'Penthouse Exclusiva en Beverly Hills #28', 'Exclusiva residencia de alto nivel con acabados de primera.', 9898399, 'ACTIVE', 6, 4.1, 921, 'Beverly Hills, CA', '4393 Luxury Avenue, Suite 28', '["Alberca Privada", "Casa Inteligente", "Vista al Mar", "Gimnasio Privado", "Cava de Vinos"]'::jsonb, '["https://images.unsplash.com/photo-1600596542815-ffad4c1539a9?w=800&auto=format&fit=crop"]'::jsonb, 'a0eebc99-9c0b-4ef8-bb6d-6bb9bd380015');
INSERT INTO properties (id, slug, title, description, price, status, beds, baths, sqft, location, address, amenities, images, owner_id) VALUES ('b0eebc99-9c0b-4ef8-bb6d-6bb9bd380029', 'propiedad-casa-beverly-hills-29', 'Casa Exclusiva en Beverly Hills #29', 'Exclusiva residencia de alto nivel con acabados de primera.', 8339635, 'PENDING', 4, 4.5, 536, 'Beverly Hills, CA', '8241 Luxury Avenue, Suite 29', '["Alberca Privada", "Casa Inteligente", "Vista al Mar", "Gimnasio Privado", "Cava de Vinos"]'::jsonb, '["https://images.unsplash.com/photo-1600596542815-ffad4c1539a9?w=800&auto=format&fit=crop"]'::jsonb, 'a0eebc99-9c0b-4ef8-bb6d-6bb9bd380005');
INSERT INTO properties (id, slug, title, description, price, status, beds, baths, sqft, location, address, amenities, images, owner_id) VALUES ('b0eebc99-9c0b-4ef8-bb6d-6bb9bd380030', 'propiedad-villa-austin-30', 'Villa Exclusiva en Austin #30', 'Exclusiva residencia de alto nivel con acabados de primera.', 2155621, 'PENDING', 5, 6.9, 428, 'Austin, TX', '8427 Luxury Avenue, Suite 30', '["Alberca Privada", "Casa Inteligente", "Vista al Mar", "Gimnasio Privado", "Cava de Vinos"]'::jsonb, '["https://images.unsplash.com/photo-1600596542815-ffad4c1539a9?w=800&auto=format&fit=crop"]'::jsonb, 'a0eebc99-9c0b-4ef8-bb6d-6bb9bd380011');
INSERT INTO properties (id, slug, title, description, price, status, beds, baths, sqft, location, address, amenities, images, owner_id) VALUES ('b0eebc99-9c0b-4ef8-bb6d-6bb9bd380031', 'propiedad-penthouse-new-york-31', 'Penthouse Exclusiva en New York #31', 'Exclusiva residencia de alto nivel con acabados de primera.', 7737923, 'ACTIVE', 5, 5.9, 480, 'New York, NY', '967 Luxury Avenue, Suite 31', '["Alberca Privada", "Casa Inteligente", "Vista al Mar", "Gimnasio Privado", "Cava de Vinos"]'::jsonb, '["https://images.unsplash.com/photo-1600596542815-ffad4c1539a9?w=800&auto=format&fit=crop"]'::jsonb, 'a0eebc99-9c0b-4ef8-bb6d-6bb9bd380004');
INSERT INTO properties (id, slug, title, description, price, status, beds, baths, sqft, location, address, amenities, images, owner_id) VALUES ('b0eebc99-9c0b-4ef8-bb6d-6bb9bd380032', 'propiedad-residencia-de-playa-miami-32', 'Residencia de Playa Exclusiva en Miami #32', 'Exclusiva residencia de alto nivel con acabados de primera.', 6754150, 'ACTIVE', 7, 3.9, 984, 'Miami, FL', '5589 Luxury Avenue, Suite 32', '["Alberca Privada", "Casa Inteligente", "Vista al Mar", "Gimnasio Privado", "Cava de Vinos"]'::jsonb, '["https://images.unsplash.com/photo-1600596542815-ffad4c1539a9?w=800&auto=format&fit=crop"]'::jsonb, 'a0eebc99-9c0b-4ef8-bb6d-6bb9bd380001');
INSERT INTO properties (id, slug, title, description, price, status, beds, baths, sqft, location, address, amenities, images, owner_id) VALUES ('b0eebc99-9c0b-4ef8-bb6d-6bb9bd380033', 'propiedad-casa-san-francisco-33', 'Casa Exclusiva en San Francisco #33', 'Exclusiva residencia de alto nivel con acabados de primera.', 4761588, 'ACTIVE', 2, 4.2, 176, 'San Francisco, CA', '1241 Luxury Avenue, Suite 33', '["Alberca Privada", "Casa Inteligente", "Vista al Mar", "Gimnasio Privado", "Cava de Vinos"]'::jsonb, '["https://images.unsplash.com/photo-1600596542815-ffad4c1539a9?w=800&auto=format&fit=crop"]'::jsonb, 'a0eebc99-9c0b-4ef8-bb6d-6bb9bd380009');
INSERT INTO properties (id, slug, title, description, price, status, beds, baths, sqft, location, address, amenities, images, owner_id) VALUES ('b0eebc99-9c0b-4ef8-bb6d-6bb9bd380034', 'propiedad-villa-chicago-34', 'Villa Exclusiva en Chicago #34', 'Exclusiva residencia de alto nivel con acabados de primera.', 4564171, 'FOR RENT', 6, 4.5, 1070, 'Chicago, IL', '1278 Luxury Avenue, Suite 34', '["Alberca Privada", "Casa Inteligente", "Vista al Mar", "Gimnasio Privado", "Cava de Vinos"]'::jsonb, '["https://images.unsplash.com/photo-1600596542815-ffad4c1539a9?w=800&auto=format&fit=crop"]'::jsonb, 'a0eebc99-9c0b-4ef8-bb6d-6bb9bd380007');
INSERT INTO properties (id, slug, title, description, price, status, beds, baths, sqft, location, address, amenities, images, owner_id) VALUES ('b0eebc99-9c0b-4ef8-bb6d-6bb9bd380035', 'propiedad-residencia-de-playa-beverly-hills-35', 'Residencia de Playa Exclusiva en Beverly Hills #35', 'Exclusiva residencia de alto nivel con acabados de primera.', 12054358, 'FOR SALE', 6, 4.7, 1104, 'Beverly Hills, CA', '6829 Luxury Avenue, Suite 35', '["Alberca Privada", "Casa Inteligente", "Vista al Mar", "Gimnasio Privado", "Cava de Vinos"]'::jsonb, '["https://images.unsplash.com/photo-1600596542815-ffad4c1539a9?w=800&auto=format&fit=crop"]'::jsonb, 'a0eebc99-9c0b-4ef8-bb6d-6bb9bd380004');
INSERT INTO properties (id, slug, title, description, price, status, beds, baths, sqft, location, address, amenities, images, owner_id) VALUES ('b0eebc99-9c0b-4ef8-bb6d-6bb9bd380036', 'propiedad-penthouse-scottsdale-36', 'Penthouse Exclusiva en Scottsdale #36', 'Exclusiva residencia de alto nivel con acabados de primera.', 10866501, 'FOR SALE', 6, 4.6, 175, 'Scottsdale, AZ', '6377 Luxury Avenue, Suite 36', '["Alberca Privada", "Casa Inteligente", "Vista al Mar", "Gimnasio Privado", "Cava de Vinos"]'::jsonb, '["https://images.unsplash.com/photo-1600596542815-ffad4c1539a9?w=800&auto=format&fit=crop"]'::jsonb, 'a0eebc99-9c0b-4ef8-bb6d-6bb9bd380002');
INSERT INTO properties (id, slug, title, description, price, status, beds, baths, sqft, location, address, amenities, images, owner_id) VALUES ('b0eebc99-9c0b-4ef8-bb6d-6bb9bd380037', 'propiedad-villa-san-francisco-37', 'Villa Exclusiva en San Francisco #37', 'Exclusiva residencia de alto nivel con acabados de primera.', 8625763, 'FOR RENT', 5, 6.8, 813, 'San Francisco, CA', '585 Luxury Avenue, Suite 37', '["Alberca Privada", "Casa Inteligente", "Vista al Mar", "Gimnasio Privado", "Cava de Vinos"]'::jsonb, '["https://images.unsplash.com/photo-1600596542815-ffad4c1539a9?w=800&auto=format&fit=crop"]'::jsonb, 'a0eebc99-9c0b-4ef8-bb6d-6bb9bd380013');
INSERT INTO properties (id, slug, title, description, price, status, beds, baths, sqft, location, address, amenities, images, owner_id) VALUES ('b0eebc99-9c0b-4ef8-bb6d-6bb9bd380038', 'propiedad-casa-chicago-38', 'Casa Exclusiva en Chicago #38', 'Exclusiva residencia de alto nivel con acabados de primera.', 12315666, 'ACTIVE', 8, 2.3, 1114, 'Chicago, IL', '9466 Luxury Avenue, Suite 38', '["Alberca Privada", "Casa Inteligente", "Vista al Mar", "Gimnasio Privado", "Cava de Vinos"]'::jsonb, '["https://images.unsplash.com/photo-1600596542815-ffad4c1539a9?w=800&auto=format&fit=crop"]'::jsonb, 'a0eebc99-9c0b-4ef8-bb6d-6bb9bd380014');
INSERT INTO properties (id, slug, title, description, price, status, beds, baths, sqft, location, address, amenities, images, owner_id) VALUES ('b0eebc99-9c0b-4ef8-bb6d-6bb9bd380039', 'propiedad-departamento-san-francisco-39', 'Departamento Exclusiva en San Francisco #39', 'Exclusiva residencia de alto nivel con acabados de primera.', 692753, 'PENDING', 2, 3.8, 1120, 'San Francisco, CA', '1719 Luxury Avenue, Suite 39', '["Alberca Privada", "Casa Inteligente", "Vista al Mar", "Gimnasio Privado", "Cava de Vinos"]'::jsonb, '["https://images.unsplash.com/photo-1600596542815-ffad4c1539a9?w=800&auto=format&fit=crop"]'::jsonb, 'a0eebc99-9c0b-4ef8-bb6d-6bb9bd380005');
INSERT INTO properties (id, slug, title, description, price, status, beds, baths, sqft, location, address, amenities, images, owner_id) VALUES ('b0eebc99-9c0b-4ef8-bb6d-6bb9bd380040', 'propiedad-departamento-san-francisco-40', 'Departamento Exclusiva en San Francisco #40', 'Exclusiva residencia de alto nivel con acabados de primera.', 1976350, 'PENDING', 2, 2.5, 333, 'San Francisco, CA', '6235 Luxury Avenue, Suite 40', '["Alberca Privada", "Casa Inteligente", "Vista al Mar", "Gimnasio Privado", "Cava de Vinos"]'::jsonb, '["https://images.unsplash.com/photo-1600596542815-ffad4c1539a9?w=800&auto=format&fit=crop"]'::jsonb, 'a0eebc99-9c0b-4ef8-bb6d-6bb9bd380002');
INSERT INTO properties (id, slug, title, description, price, status, beds, baths, sqft, location, address, amenities, images, owner_id) VALUES ('b0eebc99-9c0b-4ef8-bb6d-6bb9bd380041', 'propiedad-casa-malibu-41', 'Casa Exclusiva en Malibu #41', 'Exclusiva residencia de alto nivel con acabados de primera.', 11142726, 'ACTIVE', 5, 7.4, 803, 'Malibu, CA', '3371 Luxury Avenue, Suite 41', '["Alberca Privada", "Casa Inteligente", "Vista al Mar", "Gimnasio Privado", "Cava de Vinos"]'::jsonb, '["https://images.unsplash.com/photo-1600596542815-ffad4c1539a9?w=800&auto=format&fit=crop"]'::jsonb, 'a0eebc99-9c0b-4ef8-bb6d-6bb9bd380006');
INSERT INTO properties (id, slug, title, description, price, status, beds, baths, sqft, location, address, amenities, images, owner_id) VALUES ('b0eebc99-9c0b-4ef8-bb6d-6bb9bd380042', 'propiedad-villa-chicago-42', 'Villa Exclusiva en Chicago #42', 'Exclusiva residencia de alto nivel con acabados de primera.', 7242329, 'FOR SALE', 2, 7.3, 396, 'Chicago, IL', '2325 Luxury Avenue, Suite 42', '["Alberca Privada", "Casa Inteligente", "Vista al Mar", "Gimnasio Privado", "Cava de Vinos"]'::jsonb, '["https://images.unsplash.com/photo-1600596542815-ffad4c1539a9?w=800&auto=format&fit=crop"]'::jsonb, 'a0eebc99-9c0b-4ef8-bb6d-6bb9bd380004');
INSERT INTO properties (id, slug, title, description, price, status, beds, baths, sqft, location, address, amenities, images, owner_id) VALUES ('b0eebc99-9c0b-4ef8-bb6d-6bb9bd380043', 'propiedad-villa-miami-43', 'Villa Exclusiva en Miami #43', 'Exclusiva residencia de alto nivel con acabados de primera.', 10316017, 'FOR SALE', 5, 3.8, 789, 'Miami, FL', '4608 Luxury Avenue, Suite 43', '["Alberca Privada", "Casa Inteligente", "Vista al Mar", "Gimnasio Privado", "Cava de Vinos"]'::jsonb, '["https://images.unsplash.com/photo-1600596542815-ffad4c1539a9?w=800&auto=format&fit=crop"]'::jsonb, 'a0eebc99-9c0b-4ef8-bb6d-6bb9bd380011');
INSERT INTO properties (id, slug, title, description, price, status, beds, baths, sqft, location, address, amenities, images, owner_id) VALUES ('b0eebc99-9c0b-4ef8-bb6d-6bb9bd380044', 'propiedad-penthouse-miami-44', 'Penthouse Exclusiva en Miami #44', 'Exclusiva residencia de alto nivel con acabados de primera.', 2751499, 'ACTIVE', 2, 3.9, 499, 'Miami, FL', '5197 Luxury Avenue, Suite 44', '["Alberca Privada", "Casa Inteligente", "Vista al Mar", "Gimnasio Privado", "Cava de Vinos"]'::jsonb, '["https://images.unsplash.com/photo-1600596542815-ffad4c1539a9?w=800&auto=format&fit=crop"]'::jsonb, 'a0eebc99-9c0b-4ef8-bb6d-6bb9bd380010');
INSERT INTO properties (id, slug, title, description, price, status, beds, baths, sqft, location, address, amenities, images, owner_id) VALUES ('b0eebc99-9c0b-4ef8-bb6d-6bb9bd380045', 'propiedad-villa-aspen-45', 'Villa Exclusiva en Aspen #45', 'Exclusiva residencia de alto nivel con acabados de primera.', 5887975, 'FOR RENT', 7, 4.5, 448, 'Aspen, CO', '8608 Luxury Avenue, Suite 45', '["Alberca Privada", "Casa Inteligente", "Vista al Mar", "Gimnasio Privado", "Cava de Vinos"]'::jsonb, '["https://images.unsplash.com/photo-1600596542815-ffad4c1539a9?w=800&auto=format&fit=crop"]'::jsonb, 'a0eebc99-9c0b-4ef8-bb6d-6bb9bd380004');
INSERT INTO properties (id, slug, title, description, price, status, beds, baths, sqft, location, address, amenities, images, owner_id) VALUES ('b0eebc99-9c0b-4ef8-bb6d-6bb9bd380046', 'propiedad-departamento-seattle-46', 'Departamento Exclusiva en Seattle #46', 'Exclusiva residencia de alto nivel con acabados de primera.', 6248235, 'FOR RENT', 6, 5.9, 804, 'Seattle, WA', '2860 Luxury Avenue, Suite 46', '["Alberca Privada", "Casa Inteligente", "Vista al Mar", "Gimnasio Privado", "Cava de Vinos"]'::jsonb, '["https://images.unsplash.com/photo-1600596542815-ffad4c1539a9?w=800&auto=format&fit=crop"]'::jsonb, 'a0eebc99-9c0b-4ef8-bb6d-6bb9bd380012');
INSERT INTO properties (id, slug, title, description, price, status, beds, baths, sqft, location, address, amenities, images, owner_id) VALUES ('b0eebc99-9c0b-4ef8-bb6d-6bb9bd380047', 'propiedad-casa-chicago-47', 'Casa Exclusiva en Chicago #47', 'Exclusiva residencia de alto nivel con acabados de primera.', 3545639, 'PENDING', 2, 7.4, 1043, 'Chicago, IL', '9941 Luxury Avenue, Suite 47', '["Alberca Privada", "Casa Inteligente", "Vista al Mar", "Gimnasio Privado", "Cava de Vinos"]'::jsonb, '["https://images.unsplash.com/photo-1600596542815-ffad4c1539a9?w=800&auto=format&fit=crop"]'::jsonb, 'a0eebc99-9c0b-4ef8-bb6d-6bb9bd380001');
INSERT INTO properties (id, slug, title, description, price, status, beds, baths, sqft, location, address, amenities, images, owner_id) VALUES ('b0eebc99-9c0b-4ef8-bb6d-6bb9bd380048', 'propiedad-departamento-chicago-48', 'Departamento Exclusiva en Chicago #48', 'Exclusiva residencia de alto nivel con acabados de primera.', 3840848, 'FOR SALE', 5, 2.5, 972, 'Chicago, IL', '9548 Luxury Avenue, Suite 48', '["Alberca Privada", "Casa Inteligente", "Vista al Mar", "Gimnasio Privado", "Cava de Vinos"]'::jsonb, '["https://images.unsplash.com/photo-1600596542815-ffad4c1539a9?w=800&auto=format&fit=crop"]'::jsonb, 'a0eebc99-9c0b-4ef8-bb6d-6bb9bd380008');
INSERT INTO properties (id, slug, title, description, price, status, beds, baths, sqft, location, address, amenities, images, owner_id) VALUES ('b0eebc99-9c0b-4ef8-bb6d-6bb9bd380049', 'propiedad-villa-aspen-49', 'Villa Exclusiva en Aspen #49', 'Exclusiva residencia de alto nivel con acabados de primera.', 12142835, 'FOR SALE', 7, 4.1, 1017, 'Aspen, CO', '9504 Luxury Avenue, Suite 49', '["Alberca Privada", "Casa Inteligente", "Vista al Mar", "Gimnasio Privado", "Cava de Vinos"]'::jsonb, '["https://images.unsplash.com/photo-1600596542815-ffad4c1539a9?w=800&auto=format&fit=crop"]'::jsonb, 'a0eebc99-9c0b-4ef8-bb6d-6bb9bd380011');
INSERT INTO properties (id, slug, title, description, price, status, beds, baths, sqft, location, address, amenities, images, owner_id) VALUES ('b0eebc99-9c0b-4ef8-bb6d-6bb9bd380050', 'propiedad-casa-new-york-50', 'Casa Exclusiva en New York #50', 'Exclusiva residencia de alto nivel con acabados de primera.', 6726881, 'FOR SALE', 8, 5.6, 1196, 'New York, NY', '539 Luxury Avenue, Suite 50', '["Alberca Privada", "Casa Inteligente", "Vista al Mar", "Gimnasio Privado", "Cava de Vinos"]'::jsonb, '["https://images.unsplash.com/photo-1600596542815-ffad4c1539a9?w=800&auto=format&fit=crop"]'::jsonb, 'a0eebc99-9c0b-4ef8-bb6d-6bb9bd380010');

-- INSERCIÓN EN USER_FAVORITES (50 REGISTROS)
INSERT INTO user_favorites (id, user_id, property_id) VALUES ('c0eebc99-9c0b-4ef8-bb6d-6bb9bd380001', 'a0eebc99-9c0b-4ef8-bb6d-6bb9bd380005', 'b0eebc99-9c0b-4ef8-bb6d-6bb9bd380001');
INSERT INTO user_favorites (id, user_id, property_id) VALUES ('c0eebc99-9c0b-4ef8-bb6d-6bb9bd380002', 'a0eebc99-9c0b-4ef8-bb6d-6bb9bd380012', 'b0eebc99-9c0b-4ef8-bb6d-6bb9bd380006');
INSERT INTO user_favorites (id, user_id, property_id) VALUES ('c0eebc99-9c0b-4ef8-bb6d-6bb9bd380003', 'a0eebc99-9c0b-4ef8-bb6d-6bb9bd380031', 'b0eebc99-9c0b-4ef8-bb6d-6bb9bd380028');
INSERT INTO user_favorites (id, user_id, property_id) VALUES ('c0eebc99-9c0b-4ef8-bb6d-6bb9bd380004', 'a0eebc99-9c0b-4ef8-bb6d-6bb9bd380008', 'b0eebc99-9c0b-4ef8-bb6d-6bb9bd380012');
INSERT INTO user_favorites (id, user_id, property_id) VALUES ('c0eebc99-9c0b-4ef8-bb6d-6bb9bd380005', 'a0eebc99-9c0b-4ef8-bb6d-6bb9bd380036', 'b0eebc99-9c0b-4ef8-bb6d-6bb9bd380045');
INSERT INTO user_favorites (id, user_id, property_id) VALUES ('c0eebc99-9c0b-4ef8-bb6d-6bb9bd380006', 'a0eebc99-9c0b-4ef8-bb6d-6bb9bd380010', 'b0eebc99-9c0b-4ef8-bb6d-6bb9bd380036');
INSERT INTO user_favorites (id, user_id, property_id) VALUES ('c0eebc99-9c0b-4ef8-bb6d-6bb9bd380007', 'a0eebc99-9c0b-4ef8-bb6d-6bb9bd380030', 'b0eebc99-9c0b-4ef8-bb6d-6bb9bd380026');
INSERT INTO user_favorites (id, user_id, property_id) VALUES ('c0eebc99-9c0b-4ef8-bb6d-6bb9bd380008', 'a0eebc99-9c0b-4ef8-bb6d-6bb9bd380027', 'b0eebc99-9c0b-4ef8-bb6d-6bb9bd380005');
INSERT INTO user_favorites (id, user_id, property_id) VALUES ('c0eebc99-9c0b-4ef8-bb6d-6bb9bd380009', 'a0eebc99-9c0b-4ef8-bb6d-6bb9bd380035', 'b0eebc99-9c0b-4ef8-bb6d-6bb9bd380025');
INSERT INTO user_favorites (id, user_id, property_id) VALUES ('c0eebc99-9c0b-4ef8-bb6d-6bb9bd380010', 'a0eebc99-9c0b-4ef8-bb6d-6bb9bd380016', 'b0eebc99-9c0b-4ef8-bb6d-6bb9bd380013');
INSERT INTO user_favorites (id, user_id, property_id) VALUES ('c0eebc99-9c0b-4ef8-bb6d-6bb9bd380011', 'a0eebc99-9c0b-4ef8-bb6d-6bb9bd380011', 'b0eebc99-9c0b-4ef8-bb6d-6bb9bd380014');
INSERT INTO user_favorites (id, user_id, property_id) VALUES ('c0eebc99-9c0b-4ef8-bb6d-6bb9bd380012', 'a0eebc99-9c0b-4ef8-bb6d-6bb9bd380024', 'b0eebc99-9c0b-4ef8-bb6d-6bb9bd380010');
INSERT INTO user_favorites (id, user_id, property_id) VALUES ('c0eebc99-9c0b-4ef8-bb6d-6bb9bd380013', 'a0eebc99-9c0b-4ef8-bb6d-6bb9bd380041', 'b0eebc99-9c0b-4ef8-bb6d-6bb9bd380047');
INSERT INTO user_favorites (id, user_id, property_id) VALUES ('c0eebc99-9c0b-4ef8-bb6d-6bb9bd380014', 'a0eebc99-9c0b-4ef8-bb6d-6bb9bd380048', 'b0eebc99-9c0b-4ef8-bb6d-6bb9bd380037');
INSERT INTO user_favorites (id, user_id, property_id) VALUES ('c0eebc99-9c0b-4ef8-bb6d-6bb9bd380015', 'a0eebc99-9c0b-4ef8-bb6d-6bb9bd380046', 'b0eebc99-9c0b-4ef8-bb6d-6bb9bd380047');
INSERT INTO user_favorites (id, user_id, property_id) VALUES ('c0eebc99-9c0b-4ef8-bb6d-6bb9bd380016', 'a0eebc99-9c0b-4ef8-bb6d-6bb9bd380003', 'b0eebc99-9c0b-4ef8-bb6d-6bb9bd380019');
INSERT INTO user_favorites (id, user_id, property_id) VALUES ('c0eebc99-9c0b-4ef8-bb6d-6bb9bd380017', 'a0eebc99-9c0b-4ef8-bb6d-6bb9bd380018', 'b0eebc99-9c0b-4ef8-bb6d-6bb9bd380002');
INSERT INTO user_favorites (id, user_id, property_id) VALUES ('c0eebc99-9c0b-4ef8-bb6d-6bb9bd380018', 'a0eebc99-9c0b-4ef8-bb6d-6bb9bd380041', 'b0eebc99-9c0b-4ef8-bb6d-6bb9bd380014');
INSERT INTO user_favorites (id, user_id, property_id) VALUES ('c0eebc99-9c0b-4ef8-bb6d-6bb9bd380019', 'a0eebc99-9c0b-4ef8-bb6d-6bb9bd380024', 'b0eebc99-9c0b-4ef8-bb6d-6bb9bd380042');
INSERT INTO user_favorites (id, user_id, property_id) VALUES ('c0eebc99-9c0b-4ef8-bb6d-6bb9bd380020', 'a0eebc99-9c0b-4ef8-bb6d-6bb9bd380027', 'b0eebc99-9c0b-4ef8-bb6d-6bb9bd380048');
INSERT INTO user_favorites (id, user_id, property_id) VALUES ('c0eebc99-9c0b-4ef8-bb6d-6bb9bd380021', 'a0eebc99-9c0b-4ef8-bb6d-6bb9bd380024', 'b0eebc99-9c0b-4ef8-bb6d-6bb9bd380039');
INSERT INTO user_favorites (id, user_id, property_id) VALUES ('c0eebc99-9c0b-4ef8-bb6d-6bb9bd380022', 'a0eebc99-9c0b-4ef8-bb6d-6bb9bd380012', 'b0eebc99-9c0b-4ef8-bb6d-6bb9bd380020');
INSERT INTO user_favorites (id, user_id, property_id) VALUES ('c0eebc99-9c0b-4ef8-bb6d-6bb9bd380023', 'a0eebc99-9c0b-4ef8-bb6d-6bb9bd380044', 'b0eebc99-9c0b-4ef8-bb6d-6bb9bd380011');
INSERT INTO user_favorites (id, user_id, property_id) VALUES ('c0eebc99-9c0b-4ef8-bb6d-6bb9bd380024', 'a0eebc99-9c0b-4ef8-bb6d-6bb9bd380033', 'b0eebc99-9c0b-4ef8-bb6d-6bb9bd380005');
INSERT INTO user_favorites (id, user_id, property_id) VALUES ('c0eebc99-9c0b-4ef8-bb6d-6bb9bd380025', 'a0eebc99-9c0b-4ef8-bb6d-6bb9bd380038', 'b0eebc99-9c0b-4ef8-bb6d-6bb9bd380025');
INSERT INTO user_favorites (id, user_id, property_id) VALUES ('c0eebc99-9c0b-4ef8-bb6d-6bb9bd380026', 'a0eebc99-9c0b-4ef8-bb6d-6bb9bd380003', 'b0eebc99-9c0b-4ef8-bb6d-6bb9bd380004');
INSERT INTO user_favorites (id, user_id, property_id) VALUES ('c0eebc99-9c0b-4ef8-bb6d-6bb9bd380027', 'a0eebc99-9c0b-4ef8-bb6d-6bb9bd380014', 'b0eebc99-9c0b-4ef8-bb6d-6bb9bd380015');
INSERT INTO user_favorites (id, user_id, property_id) VALUES ('c0eebc99-9c0b-4ef8-bb6d-6bb9bd380028', 'a0eebc99-9c0b-4ef8-bb6d-6bb9bd380045', 'b0eebc99-9c0b-4ef8-bb6d-6bb9bd380003');
INSERT INTO user_favorites (id, user_id, property_id) VALUES ('c0eebc99-9c0b-4ef8-bb6d-6bb9bd380029', 'a0eebc99-9c0b-4ef8-bb6d-6bb9bd380040', 'b0eebc99-9c0b-4ef8-bb6d-6bb9bd380046');
INSERT INTO user_favorites (id, user_id, property_id) VALUES ('c0eebc99-9c0b-4ef8-bb6d-6bb9bd380030', 'a0eebc99-9c0b-4ef8-bb6d-6bb9bd380016', 'b0eebc99-9c0b-4ef8-bb6d-6bb9bd380016');
INSERT INTO user_favorites (id, user_id, property_id) VALUES ('c0eebc99-9c0b-4ef8-bb6d-6bb9bd380031', 'a0eebc99-9c0b-4ef8-bb6d-6bb9bd380015', 'b0eebc99-9c0b-4ef8-bb6d-6bb9bd380018');
INSERT INTO user_favorites (id, user_id, property_id) VALUES ('c0eebc99-9c0b-4ef8-bb6d-6bb9bd380032', 'a0eebc99-9c0b-4ef8-bb6d-6bb9bd380010', 'b0eebc99-9c0b-4ef8-bb6d-6bb9bd380021');
INSERT INTO user_favorites (id, user_id, property_id) VALUES ('c0eebc99-9c0b-4ef8-bb6d-6bb9bd380033', 'a0eebc99-9c0b-4ef8-bb6d-6bb9bd380002', 'b0eebc99-9c0b-4ef8-bb6d-6bb9bd380038');
INSERT INTO user_favorites (id, user_id, property_id) VALUES ('c0eebc99-9c0b-4ef8-bb6d-6bb9bd380034', 'a0eebc99-9c0b-4ef8-bb6d-6bb9bd380003', 'b0eebc99-9c0b-4ef8-bb6d-6bb9bd380013');
INSERT INTO user_favorites (id, user_id, property_id) VALUES ('c0eebc99-9c0b-4ef8-bb6d-6bb9bd380035', 'a0eebc99-9c0b-4ef8-bb6d-6bb9bd380043', 'b0eebc99-9c0b-4ef8-bb6d-6bb9bd380023');
INSERT INTO user_favorites (id, user_id, property_id) VALUES ('c0eebc99-9c0b-4ef8-bb6d-6bb9bd380036', 'a0eebc99-9c0b-4ef8-bb6d-6bb9bd380012', 'b0eebc99-9c0b-4ef8-bb6d-6bb9bd380036');
INSERT INTO user_favorites (id, user_id, property_id) VALUES ('c0eebc99-9c0b-4ef8-bb6d-6bb9bd380037', 'a0eebc99-9c0b-4ef8-bb6d-6bb9bd380026', 'b0eebc99-9c0b-4ef8-bb6d-6bb9bd380045');
INSERT INTO user_favorites (id, user_id, property_id) VALUES ('c0eebc99-9c0b-4ef8-bb6d-6bb9bd380038', 'a0eebc99-9c0b-4ef8-bb6d-6bb9bd380037', 'b0eebc99-9c0b-4ef8-bb6d-6bb9bd380011');
INSERT INTO user_favorites (id, user_id, property_id) VALUES ('c0eebc99-9c0b-4ef8-bb6d-6bb9bd380039', 'a0eebc99-9c0b-4ef8-bb6d-6bb9bd380028', 'b0eebc99-9c0b-4ef8-bb6d-6bb9bd380006');
INSERT INTO user_favorites (id, user_id, property_id) VALUES ('c0eebc99-9c0b-4ef8-bb6d-6bb9bd380040', 'a0eebc99-9c0b-4ef8-bb6d-6bb9bd380006', 'b0eebc99-9c0b-4ef8-bb6d-6bb9bd380009');
INSERT INTO user_favorites (id, user_id, property_id) VALUES ('c0eebc99-9c0b-4ef8-bb6d-6bb9bd380041', 'a0eebc99-9c0b-4ef8-bb6d-6bb9bd380034', 'b0eebc99-9c0b-4ef8-bb6d-6bb9bd380001');
INSERT INTO user_favorites (id, user_id, property_id) VALUES ('c0eebc99-9c0b-4ef8-bb6d-6bb9bd380042', 'a0eebc99-9c0b-4ef8-bb6d-6bb9bd380014', 'b0eebc99-9c0b-4ef8-bb6d-6bb9bd380019');
INSERT INTO user_favorites (id, user_id, property_id) VALUES ('c0eebc99-9c0b-4ef8-bb6d-6bb9bd380043', 'a0eebc99-9c0b-4ef8-bb6d-6bb9bd380009', 'b0eebc99-9c0b-4ef8-bb6d-6bb9bd380007');
INSERT INTO user_favorites (id, user_id, property_id) VALUES ('c0eebc99-9c0b-4ef8-bb6d-6bb9bd380044', 'a0eebc99-9c0b-4ef8-bb6d-6bb9bd380035', 'b0eebc99-9c0b-4ef8-bb6d-6bb9bd380008');
INSERT INTO user_favorites (id, user_id, property_id) VALUES ('c0eebc99-9c0b-4ef8-bb6d-6bb9bd380045', 'a0eebc99-9c0b-4ef8-bb6d-6bb9bd380048', 'b0eebc99-9c0b-4ef8-bb6d-6bb9bd380015');
INSERT INTO user_favorites (id, user_id, property_id) VALUES ('c0eebc99-9c0b-4ef8-bb6d-6bb9bd380046', 'a0eebc99-9c0b-4ef8-bb6d-6bb9bd380043', 'b0eebc99-9c0b-4ef8-bb6d-6bb9bd380036');
INSERT INTO user_favorites (id, user_id, property_id) VALUES ('c0eebc99-9c0b-4ef8-bb6d-6bb9bd380047', 'a0eebc99-9c0b-4ef8-bb6d-6bb9bd380017', 'b0eebc99-9c0b-4ef8-bb6d-6bb9bd380040');
INSERT INTO user_favorites (id, user_id, property_id) VALUES ('c0eebc99-9c0b-4ef8-bb6d-6bb9bd380048', 'a0eebc99-9c0b-4ef8-bb6d-6bb9bd380031', 'b0eebc99-9c0b-4ef8-bb6d-6bb9bd380014');
INSERT INTO user_favorites (id, user_id, property_id) VALUES ('c0eebc99-9c0b-4ef8-bb6d-6bb9bd380049', 'a0eebc99-9c0b-4ef8-bb6d-6bb9bd380003', 'b0eebc99-9c0b-4ef8-bb6d-6bb9bd380035');
INSERT INTO user_favorites (id, user_id, property_id) VALUES ('c0eebc99-9c0b-4ef8-bb6d-6bb9bd380050', 'a0eebc99-9c0b-4ef8-bb6d-6bb9bd380025', 'b0eebc99-9c0b-4ef8-bb6d-6bb9bd380024');

-- INSERCIÓN EN APPOINTMENTS (50 REGISTROS)
INSERT INTO appointments (id, user_id, property_id, booking_date_time, notes, status) VALUES ('d0eebc99-9c0b-4ef8-bb6d-6bb9bd380001', 'a0eebc99-9c0b-4ef8-bb6d-6bb9bd380012', 'b0eebc99-9c0b-4ef8-bb6d-6bb9bd380050', '2026-08-19 10:00:00+00', 'Solicitud de recorrido presional guiado para la propiedad #1', 'Pending');
INSERT INTO appointments (id, user_id, property_id, booking_date_time, notes, status) VALUES ('d0eebc99-9c0b-4ef8-bb6d-6bb9bd380002', 'a0eebc99-9c0b-4ef8-bb6d-6bb9bd380042', 'b0eebc99-9c0b-4ef8-bb6d-6bb9bd380039', '2026-08-16 05:00:00+00', 'Solicitud de recorrido presional guiado para la propiedad #2', 'Pending');
INSERT INTO appointments (id, user_id, property_id, booking_date_time, notes, status) VALUES ('d0eebc99-9c0b-4ef8-bb6d-6bb9bd380003', 'a0eebc99-9c0b-4ef8-bb6d-6bb9bd380041', 'b0eebc99-9c0b-4ef8-bb6d-6bb9bd380006', '2026-08-08 07:00:00+00', 'Solicitud de recorrido presional guiado para la propiedad #3', 'Pending');
INSERT INTO appointments (id, user_id, property_id, booking_date_time, notes, status) VALUES ('d0eebc99-9c0b-4ef8-bb6d-6bb9bd380004', 'a0eebc99-9c0b-4ef8-bb6d-6bb9bd380040', 'b0eebc99-9c0b-4ef8-bb6d-6bb9bd380032', '2026-07-24 10:00:00+00', 'Solicitud de recorrido presional guiado para la propiedad #4', 'Cancelled');
INSERT INTO appointments (id, user_id, property_id, booking_date_time, notes, status) VALUES ('d0eebc99-9c0b-4ef8-bb6d-6bb9bd380005', 'a0eebc99-9c0b-4ef8-bb6d-6bb9bd380038', 'b0eebc99-9c0b-4ef8-bb6d-6bb9bd380010', '2026-08-13 10:00:00+00', 'Solicitud de recorrido presional guiado para la propiedad #5', 'Confirmed');
INSERT INTO appointments (id, user_id, property_id, booking_date_time, notes, status) VALUES ('d0eebc99-9c0b-4ef8-bb6d-6bb9bd380006', 'a0eebc99-9c0b-4ef8-bb6d-6bb9bd380004', 'b0eebc99-9c0b-4ef8-bb6d-6bb9bd380014', '2026-08-01 12:00:00+00', 'Solicitud de recorrido presional guiado para la propiedad #6', 'Pending');
INSERT INTO appointments (id, user_id, property_id, booking_date_time, notes, status) VALUES ('d0eebc99-9c0b-4ef8-bb6d-6bb9bd380007', 'a0eebc99-9c0b-4ef8-bb6d-6bb9bd380010', 'b0eebc99-9c0b-4ef8-bb6d-6bb9bd380041', '2026-08-03 05:00:00+00', 'Solicitud de recorrido presional guiado para la propiedad #7', 'Confirmed');
INSERT INTO appointments (id, user_id, property_id, booking_date_time, notes, status) VALUES ('d0eebc99-9c0b-4ef8-bb6d-6bb9bd380008', 'a0eebc99-9c0b-4ef8-bb6d-6bb9bd380006', 'b0eebc99-9c0b-4ef8-bb6d-6bb9bd380005', '2026-08-17 10:00:00+00', 'Solicitud de recorrido presional guiado para la propiedad #8', 'Pending');
INSERT INTO appointments (id, user_id, property_id, booking_date_time, notes, status) VALUES ('d0eebc99-9c0b-4ef8-bb6d-6bb9bd380009', 'a0eebc99-9c0b-4ef8-bb6d-6bb9bd380036', 'b0eebc99-9c0b-4ef8-bb6d-6bb9bd380036', '2026-08-22 13:00:00+00', 'Solicitud de recorrido presional guiado para la propiedad #9', 'Pending');
INSERT INTO appointments (id, user_id, property_id, booking_date_time, notes, status) VALUES ('d0eebc99-9c0b-4ef8-bb6d-6bb9bd380010', 'a0eebc99-9c0b-4ef8-bb6d-6bb9bd380030', 'b0eebc99-9c0b-4ef8-bb6d-6bb9bd380043', '2026-08-20 05:00:00+00', 'Solicitud de recorrido presional guiado para la propiedad #10', 'Completed');
INSERT INTO appointments (id, user_id, property_id, booking_date_time, notes, status) VALUES ('d0eebc99-9c0b-4ef8-bb6d-6bb9bd380011', 'a0eebc99-9c0b-4ef8-bb6d-6bb9bd380045', 'b0eebc99-9c0b-4ef8-bb6d-6bb9bd380016', '2026-08-09 09:00:00+00', 'Solicitud de recorrido presional guiado para la propiedad #11', 'Completed');
INSERT INTO appointments (id, user_id, property_id, booking_date_time, notes, status) VALUES ('d0eebc99-9c0b-4ef8-bb6d-6bb9bd380012', 'a0eebc99-9c0b-4ef8-bb6d-6bb9bd380020', 'b0eebc99-9c0b-4ef8-bb6d-6bb9bd380029', '2026-08-18 12:00:00+00', 'Solicitud de recorrido presional guiado para la propiedad #12', 'Confirmed');
INSERT INTO appointments (id, user_id, property_id, booking_date_time, notes, status) VALUES ('d0eebc99-9c0b-4ef8-bb6d-6bb9bd380013', 'a0eebc99-9c0b-4ef8-bb6d-6bb9bd380035', 'b0eebc99-9c0b-4ef8-bb6d-6bb9bd380007', '2026-07-25 12:00:00+00', 'Solicitud de recorrido presional guiado para la propiedad #13', 'Pending');
INSERT INTO appointments (id, user_id, property_id, booking_date_time, notes, status) VALUES ('d0eebc99-9c0b-4ef8-bb6d-6bb9bd380014', 'a0eebc99-9c0b-4ef8-bb6d-6bb9bd380034', 'b0eebc99-9c0b-4ef8-bb6d-6bb9bd380011', '2026-07-27 09:00:00+00', 'Solicitud de recorrido presional guiado para la propiedad #14', 'Cancelled');
INSERT INTO appointments (id, user_id, property_id, booking_date_time, notes, status) VALUES ('d0eebc99-9c0b-4ef8-bb6d-6bb9bd380015', 'a0eebc99-9c0b-4ef8-bb6d-6bb9bd380015', 'b0eebc99-9c0b-4ef8-bb6d-6bb9bd380027', '2026-08-16 12:00:00+00', 'Solicitud de recorrido presional guiado para la propiedad #15', 'Cancelled');
INSERT INTO appointments (id, user_id, property_id, booking_date_time, notes, status) VALUES ('d0eebc99-9c0b-4ef8-bb6d-6bb9bd380016', 'a0eebc99-9c0b-4ef8-bb6d-6bb9bd380032', 'b0eebc99-9c0b-4ef8-bb6d-6bb9bd380002', '2026-08-09 07:00:00+00', 'Solicitud de recorrido presional guiado para la propiedad #16', 'Pending');
INSERT INTO appointments (id, user_id, property_id, booking_date_time, notes, status) VALUES ('d0eebc99-9c0b-4ef8-bb6d-6bb9bd380017', 'a0eebc99-9c0b-4ef8-bb6d-6bb9bd380019', 'b0eebc99-9c0b-4ef8-bb6d-6bb9bd380012', '2026-08-16 07:00:00+00', 'Solicitud de recorrido presional guiado para la propiedad #17', 'Confirmed');
INSERT INTO appointments (id, user_id, property_id, booking_date_time, notes, status) VALUES ('d0eebc99-9c0b-4ef8-bb6d-6bb9bd380018', 'a0eebc99-9c0b-4ef8-bb6d-6bb9bd380009', 'b0eebc99-9c0b-4ef8-bb6d-6bb9bd380042', '2026-07-26 09:00:00+00', 'Solicitud de recorrido presional guiado para la propiedad #18', 'Completed');
INSERT INTO appointments (id, user_id, property_id, booking_date_time, notes, status) VALUES ('d0eebc99-9c0b-4ef8-bb6d-6bb9bd380019', 'a0eebc99-9c0b-4ef8-bb6d-6bb9bd380008', 'b0eebc99-9c0b-4ef8-bb6d-6bb9bd380019', '2026-08-21 08:00:00+00', 'Solicitud de recorrido presional guiado para la propiedad #19', 'Completed');
INSERT INTO appointments (id, user_id, property_id, booking_date_time, notes, status) VALUES ('d0eebc99-9c0b-4ef8-bb6d-6bb9bd380020', 'a0eebc99-9c0b-4ef8-bb6d-6bb9bd380028', 'b0eebc99-9c0b-4ef8-bb6d-6bb9bd380011', '2026-08-05 05:00:00+00', 'Solicitud de recorrido presional guiado para la propiedad #20', 'Confirmed');
INSERT INTO appointments (id, user_id, property_id, booking_date_time, notes, status) VALUES ('d0eebc99-9c0b-4ef8-bb6d-6bb9bd380021', 'a0eebc99-9c0b-4ef8-bb6d-6bb9bd380049', 'b0eebc99-9c0b-4ef8-bb6d-6bb9bd380049', '2026-08-21 12:00:00+00', 'Solicitud de recorrido presional guiado para la propiedad #21', 'Completed');
INSERT INTO appointments (id, user_id, property_id, booking_date_time, notes, status) VALUES ('d0eebc99-9c0b-4ef8-bb6d-6bb9bd380022', 'a0eebc99-9c0b-4ef8-bb6d-6bb9bd380034', 'b0eebc99-9c0b-4ef8-bb6d-6bb9bd380028', '2026-08-14 09:00:00+00', 'Solicitud de recorrido presional guiado para la propiedad #22', 'Confirmed');
INSERT INTO appointments (id, user_id, property_id, booking_date_time, notes, status) VALUES ('d0eebc99-9c0b-4ef8-bb6d-6bb9bd380023', 'a0eebc99-9c0b-4ef8-bb6d-6bb9bd380021', 'b0eebc99-9c0b-4ef8-bb6d-6bb9bd380027', '2026-07-25 13:00:00+00', 'Solicitud de recorrido presional guiado para la propiedad #23', 'Pending');
INSERT INTO appointments (id, user_id, property_id, booking_date_time, notes, status) VALUES ('d0eebc99-9c0b-4ef8-bb6d-6bb9bd380024', 'a0eebc99-9c0b-4ef8-bb6d-6bb9bd380045', 'b0eebc99-9c0b-4ef8-bb6d-6bb9bd380036', '2026-08-05 05:00:00+00', 'Solicitud de recorrido presional guiado para la propiedad #24', 'Completed');
INSERT INTO appointments (id, user_id, property_id, booking_date_time, notes, status) VALUES ('d0eebc99-9c0b-4ef8-bb6d-6bb9bd380025', 'a0eebc99-9c0b-4ef8-bb6d-6bb9bd380005', 'b0eebc99-9c0b-4ef8-bb6d-6bb9bd380018', '2026-08-18 09:00:00+00', 'Solicitud de recorrido presional guiado para la propiedad #25', 'Pending');
INSERT INTO appointments (id, user_id, property_id, booking_date_time, notes, status) VALUES ('d0eebc99-9c0b-4ef8-bb6d-6bb9bd380026', 'a0eebc99-9c0b-4ef8-bb6d-6bb9bd380020', 'b0eebc99-9c0b-4ef8-bb6d-6bb9bd380031', '2026-08-13 11:00:00+00', 'Solicitud de recorrido presional guiado para la propiedad #26', 'Pending');
INSERT INTO appointments (id, user_id, property_id, booking_date_time, notes, status) VALUES ('d0eebc99-9c0b-4ef8-bb6d-6bb9bd380027', 'a0eebc99-9c0b-4ef8-bb6d-6bb9bd380036', 'b0eebc99-9c0b-4ef8-bb6d-6bb9bd380049', '2026-08-18 12:00:00+00', 'Solicitud de recorrido presional guiado para la propiedad #27', 'Completed');
INSERT INTO appointments (id, user_id, property_id, booking_date_time, notes, status) VALUES ('d0eebc99-9c0b-4ef8-bb6d-6bb9bd380028', 'a0eebc99-9c0b-4ef8-bb6d-6bb9bd380049', 'b0eebc99-9c0b-4ef8-bb6d-6bb9bd380014', '2026-08-17 05:00:00+00', 'Solicitud de recorrido presional guiado para la propiedad #28', 'Completed');
INSERT INTO appointments (id, user_id, property_id, booking_date_time, notes, status) VALUES ('d0eebc99-9c0b-4ef8-bb6d-6bb9bd380029', 'a0eebc99-9c0b-4ef8-bb6d-6bb9bd380042', 'b0eebc99-9c0b-4ef8-bb6d-6bb9bd380016', '2026-08-05 11:00:00+00', 'Solicitud de recorrido presional guiado para la propiedad #29', 'Pending');
INSERT INTO appointments (id, user_id, property_id, booking_date_time, notes, status) VALUES ('d0eebc99-9c0b-4ef8-bb6d-6bb9bd380030', 'a0eebc99-9c0b-4ef8-bb6d-6bb9bd380015', 'b0eebc99-9c0b-4ef8-bb6d-6bb9bd380025', '2026-07-31 13:00:00+00', 'Solicitud de recorrido presional guiado para la propiedad #30', 'Completed');
INSERT INTO appointments (id, user_id, property_id, booking_date_time, notes, status) VALUES ('d0eebc99-9c0b-4ef8-bb6d-6bb9bd380031', 'a0eebc99-9c0b-4ef8-bb6d-6bb9bd380028', 'b0eebc99-9c0b-4ef8-bb6d-6bb9bd380007', '2026-08-19 07:00:00+00', 'Solicitud de recorrido presional guiado para la propiedad #31', 'Confirmed');
INSERT INTO appointments (id, user_id, property_id, booking_date_time, notes, status) VALUES ('d0eebc99-9c0b-4ef8-bb6d-6bb9bd380032', 'a0eebc99-9c0b-4ef8-bb6d-6bb9bd380015', 'b0eebc99-9c0b-4ef8-bb6d-6bb9bd380004', '2026-07-26 07:00:00+00', 'Solicitud de recorrido presional guiado para la propiedad #32', 'Cancelled');
INSERT INTO appointments (id, user_id, property_id, booking_date_time, notes, status) VALUES ('d0eebc99-9c0b-4ef8-bb6d-6bb9bd380033', 'a0eebc99-9c0b-4ef8-bb6d-6bb9bd380014', 'b0eebc99-9c0b-4ef8-bb6d-6bb9bd380046', '2026-08-14 06:00:00+00', 'Solicitud de recorrido presional guiado para la propiedad #33', 'Confirmed');
INSERT INTO appointments (id, user_id, property_id, booking_date_time, notes, status) VALUES ('d0eebc99-9c0b-4ef8-bb6d-6bb9bd380034', 'a0eebc99-9c0b-4ef8-bb6d-6bb9bd380004', 'b0eebc99-9c0b-4ef8-bb6d-6bb9bd380012', '2026-08-22 08:00:00+00', 'Solicitud de recorrido presional guiado para la propiedad #34', 'Pending');
INSERT INTO appointments (id, user_id, property_id, booking_date_time, notes, status) VALUES ('d0eebc99-9c0b-4ef8-bb6d-6bb9bd380035', 'a0eebc99-9c0b-4ef8-bb6d-6bb9bd380024', 'b0eebc99-9c0b-4ef8-bb6d-6bb9bd380019', '2026-07-24 11:00:00+00', 'Solicitud de recorrido presional guiado para la propiedad #35', 'Pending');
INSERT INTO appointments (id, user_id, property_id, booking_date_time, notes, status) VALUES ('d0eebc99-9c0b-4ef8-bb6d-6bb9bd380036', 'a0eebc99-9c0b-4ef8-bb6d-6bb9bd380040', 'b0eebc99-9c0b-4ef8-bb6d-6bb9bd380002', '2026-07-30 04:00:00+00', 'Solicitud de recorrido presional guiado para la propiedad #36', 'Pending');
INSERT INTO appointments (id, user_id, property_id, booking_date_time, notes, status) VALUES ('d0eebc99-9c0b-4ef8-bb6d-6bb9bd380037', 'a0eebc99-9c0b-4ef8-bb6d-6bb9bd380027', 'b0eebc99-9c0b-4ef8-bb6d-6bb9bd380023', '2026-08-09 09:00:00+00', 'Solicitud de recorrido presional guiado para la propiedad #37', 'Pending');
INSERT INTO appointments (id, user_id, property_id, booking_date_time, notes, status) VALUES ('d0eebc99-9c0b-4ef8-bb6d-6bb9bd380038', 'a0eebc99-9c0b-4ef8-bb6d-6bb9bd380050', 'b0eebc99-9c0b-4ef8-bb6d-6bb9bd380028', '2026-08-09 13:00:00+00', 'Solicitud de recorrido presional guiado para la propiedad #38', 'Cancelled');
INSERT INTO appointments (id, user_id, property_id, booking_date_time, notes, status) VALUES ('d0eebc99-9c0b-4ef8-bb6d-6bb9bd380039', 'a0eebc99-9c0b-4ef8-bb6d-6bb9bd380016', 'b0eebc99-9c0b-4ef8-bb6d-6bb9bd380002', '2026-08-09 08:00:00+00', 'Solicitud de recorrido presional guiado para la propiedad #39', 'Confirmed');
INSERT INTO appointments (id, user_id, property_id, booking_date_time, notes, status) VALUES ('d0eebc99-9c0b-4ef8-bb6d-6bb9bd380040', 'a0eebc99-9c0b-4ef8-bb6d-6bb9bd380027', 'b0eebc99-9c0b-4ef8-bb6d-6bb9bd380037', '2026-08-13 06:00:00+00', 'Solicitud de recorrido presional guiado para la propiedad #40', 'Completed');
INSERT INTO appointments (id, user_id, property_id, booking_date_time, notes, status) VALUES ('d0eebc99-9c0b-4ef8-bb6d-6bb9bd380041', 'a0eebc99-9c0b-4ef8-bb6d-6bb9bd380005', 'b0eebc99-9c0b-4ef8-bb6d-6bb9bd380018', '2026-08-16 07:00:00+00', 'Solicitud de recorrido presional guiado para la propiedad #41', 'Cancelled');
INSERT INTO appointments (id, user_id, property_id, booking_date_time, notes, status) VALUES ('d0eebc99-9c0b-4ef8-bb6d-6bb9bd380042', 'a0eebc99-9c0b-4ef8-bb6d-6bb9bd380043', 'b0eebc99-9c0b-4ef8-bb6d-6bb9bd380004', '2026-07-27 13:00:00+00', 'Solicitud de recorrido presional guiado para la propiedad #42', 'Pending');
INSERT INTO appointments (id, user_id, property_id, booking_date_time, notes, status) VALUES ('d0eebc99-9c0b-4ef8-bb6d-6bb9bd380043', 'a0eebc99-9c0b-4ef8-bb6d-6bb9bd380040', 'b0eebc99-9c0b-4ef8-bb6d-6bb9bd380044', '2026-07-27 04:00:00+00', 'Solicitud de recorrido presional guiado para la propiedad #43', 'Completed');
INSERT INTO appointments (id, user_id, property_id, booking_date_time, notes, status) VALUES ('d0eebc99-9c0b-4ef8-bb6d-6bb9bd380044', 'a0eebc99-9c0b-4ef8-bb6d-6bb9bd380030', 'b0eebc99-9c0b-4ef8-bb6d-6bb9bd380015', '2026-08-17 07:00:00+00', 'Solicitud de recorrido presional guiado para la propiedad #44', 'Confirmed');
INSERT INTO appointments (id, user_id, property_id, booking_date_time, notes, status) VALUES ('d0eebc99-9c0b-4ef8-bb6d-6bb9bd380045', 'a0eebc99-9c0b-4ef8-bb6d-6bb9bd380017', 'b0eebc99-9c0b-4ef8-bb6d-6bb9bd380042', '2026-08-15 08:00:00+00', 'Solicitud de recorrido presional guiado para la propiedad #45', 'Completed');
INSERT INTO appointments (id, user_id, property_id, booking_date_time, notes, status) VALUES ('d0eebc99-9c0b-4ef8-bb6d-6bb9bd380046', 'a0eebc99-9c0b-4ef8-bb6d-6bb9bd380043', 'b0eebc99-9c0b-4ef8-bb6d-6bb9bd380008', '2026-08-17 13:00:00+00', 'Solicitud de recorrido presional guiado para la propiedad #46', 'Pending');
INSERT INTO appointments (id, user_id, property_id, booking_date_time, notes, status) VALUES ('d0eebc99-9c0b-4ef8-bb6d-6bb9bd380047', 'a0eebc99-9c0b-4ef8-bb6d-6bb9bd380011', 'b0eebc99-9c0b-4ef8-bb6d-6bb9bd380026', '2026-08-14 05:00:00+00', 'Solicitud de recorrido presional guiado para la propiedad #47', 'Pending');
INSERT INTO appointments (id, user_id, property_id, booking_date_time, notes, status) VALUES ('d0eebc99-9c0b-4ef8-bb6d-6bb9bd380048', 'a0eebc99-9c0b-4ef8-bb6d-6bb9bd380008', 'b0eebc99-9c0b-4ef8-bb6d-6bb9bd380012', '2026-08-20 11:00:00+00', 'Solicitud de recorrido presional guiado para la propiedad #48', 'Confirmed');
INSERT INTO appointments (id, user_id, property_id, booking_date_time, notes, status) VALUES ('d0eebc99-9c0b-4ef8-bb6d-6bb9bd380049', 'a0eebc99-9c0b-4ef8-bb6d-6bb9bd380031', 'b0eebc99-9c0b-4ef8-bb6d-6bb9bd380003', '2026-08-12 06:00:00+00', 'Solicitud de recorrido presional guiado para la propiedad #49', 'Confirmed');
INSERT INTO appointments (id, user_id, property_id, booking_date_time, notes, status) VALUES ('d0eebc99-9c0b-4ef8-bb6d-6bb9bd380050', 'a0eebc99-9c0b-4ef8-bb6d-6bb9bd380039', 'b0eebc99-9c0b-4ef8-bb6d-6bb9bd380023', '2026-08-12 07:00:00+00', 'Solicitud de recorrido presional guiado para la propiedad #50', 'Cancelled');